T1C1,T1C2,T1C3,T1C4,T1C5,T2C1,T2C2,T2C3,T2C4,T2C5,GD,WL
Irelia,Darius,Xerath,Anivia,Sejuani,Diana,Jayce,Maokai,Neeko,Kaisa,9391,100
Jayce,Evelynn,Yone,Varus,Galio,Gnar,Rengar,Ekko,Kaisa,Nautilus,5665,100
DrMundo,Vi,Orianna,MissFortune,Nautilus,Garen,LeeSin,Leblanc,Caitlyn,Janna,8416,100
DrMundo,JarvanIV,Galio,MissFortune,Morgana,Malphite,Brand,TwistedFate,Sivir,Lulu,7667,100
Tristana,MasterYi,Qiyana,LeeSin,Velkoz,Irelia,Jhin,Nidalee,Alistar,Nautilus,-2116,200
Morgana,Maokai,Samira,Pyke,Jhin,Hwei,Smolder,Zoe,Khazix,Rakan,7181,100
Nami,Zoe,TwistedFate,Graves,Malphite,Mordekaiser,Urgot,Tristana,Teemo,Nautilus,-2376,200
DrMundo,Shaco,Malzahar,MissFortune,Yuumi,Garen,Brand,Viktor,KogMaw,Morgana,7161,100
Sylas,Vi,Talon,Kaisa,Karma,DrMundo,Briar,Vex,Lucian,Nami,-1827,200
Garen,Hecarim,AurelionSol,MissFortune,Soraka,DrMundo,Viego,Hwei,Jhin,Pyke,-4169,100
DrMundo,Zac,Yasuo,Varus,Lux,Ornn,Warwick,Smolder,Tristana,Karma,9108,100
Ezreal,Rammus,Yasuo,Smolder,Rumble,DrMundo,Shyvana,Diana,Samira,Blitzcrank,-11649,200
Teemo,Viego,Galio,Caitlyn,Janna,DrMundo,Warwick,Malzahar,Xayah,Blitzcrank,13939,100
Darius,Skarner,Zed,Jinx,Lux,DrMundo,Shaco,Veigar,Draven,Lulu,-5979,200
Varus,Zilean,Vayne,Sejuani,Veigar,MissFortune,Jhin,Poppy,Maokai,Lulu,-3808,200
Sylas,LeeSin,Talon,Ziggs,Senna,DrMundo,Maokai,Kennen,Jinx,Braum,5793,100
DrMundo,Evelynn,Malzahar,AurelionSol,Nidalee,TahmKench,Kayn,Ahri,Draven,Soraka,3185,100
Garen,Mordekaiser,Malzahar,Ezreal,Zyra,DrMundo,Amumu,Kassadin,Caitlyn,Brand,-11068,200
Renekton,Diana,Yasuo,Jhin,Lux,Mordekaiser,Kayn,Akali,Vayne,Blitzcrank,-12816,200
Sejuani,Kaisa,MissFortune,Renekton,Vi,Hwei,Ziggs,MonkeyKing,Amumu,Sivir,-58,200
Veigar,Vayne,Jinx,Qiyana,Rammus,Bard,Caitlyn,Malzahar,Alistar,Senna,-2856,200
Azir,Amumu,Teemo,Samira,Malphite,LeeSin,Hwei,Kayle,Renekton,Varus,4084,100
Thresh,Varus,Zoe,Malphite,Aphelios,KogMaw,Lux,Viego,Darius,Leblanc,6362,100
Pantheon,Ekko,Katarina,MissFortune,Renata,Teemo,Lillia,Irelia,Vayne,Alistar,-9260,200
Malphite,Viego,Akshan,KogMaw,Yuumi,Aatrox,LeeSin,Katarina,Sivir,Thresh,-10032,200
Malphite,Viego,Galio,Jinx,Milio,DrMundo,Graves,Ryze,Maokai,Samira,10477,100
Nami,Brand,Renekton,Kayn,Varus,Galio,Vayne,Milio,Viego,Malphite,-4629,200
Tristana,Galio,Shyvana,Chogath,Warwick,Bard,Urgot,JarvanIV,Caitlyn,MonkeyKing,-6829,200
Irelia,XinZhao,Galio,Nilah,Alistar,Swain,Lillia,Taliyah,Draven,Pyke,-12043,200
Fiora,MasterYi,Ahri,Vayne,Thresh,Renekton,Galio,Vi,Kaisa,Nautilus,6124,100
TahmKench,Viego,Zoe,Lucian,Janna,Garen,Evelynn,Leblanc,Kalista,Thresh,-9882,200
Zac,Samira,Pyke,Diana,Nasus,Zeri,Ahri,Yuumi,Illaoi,Jinx,-9753,200
Skarner,Veigar,Qiyana,Leona,Tristana,Thresh,Smolder,Janna,Nami,Jax,-9686,200
Nautilus,Blitzcrank,Pantheon,Caitlyn,Sylas,Maokai,Sivir,Varus,Seraphine,Katarina,-1192,200
Pantheon,Senna,Renata,Shen,Nocturne,LeeSin,Blitzcrank,Ezreal,Taliyah,Veigar,5645,100
Janna,Vayne,Zeri,Velkoz,Pyke,Veigar,Samira,Kayle,Mordekaiser,Jhin,4976,100
Viego,Sylas,Senna,Zoe,KogMaw,Leblanc,TwistedFate,Rell,Irelia,Gangplank,6189,100
Akali,Nidalee,MasterYi,Renekton,Quinn,Jhin,Lucian,Corki,LeeSin,Warwick,-3106,200
Sett,Twitch,Teemo,Akshan,Renata,DrMundo,Amumu,Yasuo,MissFortune,Nautilus,7782,100
Yorick,JarvanIV,Rammus,Ashe,Rumble,DrMundo,FiddleSticks,Yone,Jinx,Braum,11374,100
Shen,Zac,Zoe,Jinx,Lulu,Viktor,Khazix,Jhin,Yone,Blitzcrank,-12312,200
Trundle,Viego,Galio,MissFortune,Thresh,XinZhao,Volibear,Smolder,Jhin,Karma,-12024,200
Kennen,JarvanIV,Tristana,Ashe,Hwei,Galio,Jayce,Nunu,KogMaw,Maokai,134,100
Soraka,Yasuo,Shen,Nilah,Fizz,Sejuani,Elise,Olaf,Twitch,Morgana,6205,100
AurelionSol,DrMundo,XinZhao,Zyra,Azir,Udyr,Aphelios,Poppy,Draven,Ahri,-3392,100
Lulu,TahmKench,Varus,Malphite,Malzahar,MissFortune,Udyr,Smolder,Ivern,Leona,-5933,200
Mordekaiser,Pantheon,Lucian,Smolder,Brand,Vayne,Ivern,Galio,Samira,Maokai,-7386,200
Teemo,Rengar,Sylas,Caitlyn,Thresh,Samira,Nunu,Galio,Ornn,Nautilus,-8592,200
Garen,Lillia,Yasuo,Caitlyn,Senna,Kayle,Belveth,Qiyana,Jhin,Thresh,11746,100
Urgot,MasterYi,Talon,Draven,Thresh,Sion,Lillia,Ahri,Caitlyn,Brand,13377,100
Karma,Evelynn,Azir,MissFortune,Leona,Nasus,MonkeyKing,Katarina,Tristana,Seraphine,8318,100
MonkeyKing,Viego,Katarina,Veigar,Rell,Quinn,Rammus,Fizz,Aphelios,Brand,-12077,200
Camille,Karthus,Brand,Jinx,Thresh,Sion,JarvanIV,Kassadin,Caitlyn,Rumble,15364,100
Camille,Karthus,Brand,Caitlyn,Janna,Shen,XinZhao,Malzahar,Jinx,Leona,11860,100
Camille,Karthus,Yasuo,Twitch,Senna,Mordekaiser,Zac,Kassadin,Lucian,Thresh,-3458,200
Renekton,Khazix,Seraphine,Draven,Ashe,Camille,Rammus,Tristana,Jhin,Teemo,-3062,200
Camille,Karthus,Kaisa,Jhin,Galio,Rumble,Amumu,Yasuo,Ashe,Blitzcrank,-10224,200
Camille,Karthus,Lux,Ashe,Blitzcrank,Volibear,LeeSin,Brand,Corki,Senna,117,100
KSante,Briar,Malzahar,Jhin,Bard,Aatrox,Karthus,Ekko,Caitlyn,Blitzcrank,8788,100
Camille,Karthus,Corki,Caitlyn,Sion,Urgot,Graves,Zed,Hwei,Seraphine,-424,200
Ornn,JarvanIV,Karthus,Jinx,Sona,DrMundo,Brand,Yone,Varus,Bard,-4761,200
Zac,Sett,Karma,MissFortune,Taliyah,Volibear,Viego,Corki,Yasuo,Pyke,-14172,200
Teemo,XinZhao,Azir,Aphelios,Soraka,Olaf,LeeSin,Taliyah,Caitlyn,Pyke,-6483,100
Teemo,Karthus,Yasuo,Vayne,Hwei,Mordekaiser,Viego,Vex,Samira,Nami,-12147,200
Mordekaiser,Zed,Vex,Jhin,Shaco,Belveth,Skarner,Pantheon,Caitlyn,Morgana,7816,100
Camille,Skarner,AurelionSol,Jhin,Thresh,Gnar,Karthus,Taliyah,Jinx,Rell,-6807,200
Camille,Karthus,Zed,Samira,Thresh,Yorick,Graves,Sylas,Corki,Seraphine,2275,100
Camille,Karthus,Vladimir,Sivir,TahmKench,Darius,Viego,Hwei,Smolder,Soraka,8219,100
Camille,Karthus,Ryze,Xayah,TahmKench,DrMundo,Diana,Zed,Jinx,Leona,10531,100
Yorick,Evelynn,Vex,Jinx,TahmKench,Zed,Karthus,Brand,Caitlyn,Nautilus,4950,100
Nunu,Illaoi,Pantheon,Lucian,Nami,Garen,Karthus,Katarina,Caitlyn,Senna,8027,100
Yorick,Karthus,Ahri,Ashe,Leona,Irelia,Jax,Katarina,Jhin,Lux,-14167,200
Camille,Rammus,Hwei,Jhin,Zyra,Vayne,Viego,Lux,Jinx,Senna,8094,100
Kayle,Belveth,Gragas,Tristana,Thresh,Camille,Karthus,Leblanc,Vayne,Seraphine,-15558,200
Camille,Karthus,Ziggs,Jhin,Leona,Malphite,Tryndamere,Brand,MissFortune,Morgana,-155,200
Skarner,Karthus,Kled,Samira,Pyke,Darius,Evelynn,Veigar,Ezreal,Leona,4856,100
Skarner,Rammus,Irelia,Vayne,Lux,Camille,Karthus,Yasuo,MissFortune,Yuumi,-10903,200
Yone,Kayn,Ekko,Kaisa,Thresh,Camille,Rammus,Brand,Caitlyn,Zilean,7443,100
Camille,Rammus,Malzahar,Tristana,Maokai,Garen,Nocturne,AurelionSol,MissFortune,Ashe,-9390,200
Pantheon,Rammus,Yasuo,MissFortune,Rumble,Camille,Skarner,AurelionSol,Kaisa,Karma,8815,100
Chogath,Amumu,Zilean,Caitlyn,Janna,Mordekaiser,Skarner,Ahri,Twitch,Lux,0,200
Garen,Brand,Ahri,Caitlyn,Lux,Camille,Zac,Malzahar,Ezreal,Ivern,3769,100
Garen,Vi,Ahri,Ashe,Teemo,Kayle,Kindred,Akali,Jhin,Gragas,9833,100
Darius,Karthus,Heimerdinger,KogMaw,Lulu,Volibear,Zac,Lucian,Caitlyn,Janna,-5429,200
Mordekaiser,LeeSin,Irelia,Caitlyn,Lux,Skarner,Karthus,Zed,Ashe,Thresh,-4941,200
Camille,Kayn,Morgana,Jinx,Lux,Skarner,Graves,Gangplank,Ezreal,Neeko,6543,100
Hwei,Caitlyn,Briar,Akali,Mordekaiser,Caitlyn,Lux,Nocturne,Garen,Milio,18515,100
Quinn,Nautilus,XinZhao,Talon,Gangplank,Varus,Irelia,Volibear,Garen,Ashe,23430,100
Kled,Warwick,Lux,KogMaw,Skarner,Sett,Lillia,Talon,Jhin,Brand,7366,100
Camille,XinZhao,Veigar,Jhin,Janna,Urgot,Briar,Ahri,Caitlyn,Lux,11505,100
Garen,Shaco,Leblanc,Draven,Swain,Darius,Khazix,Katarina,Jhin,Leona,4733,100
RekSai,Skarner,Varus,Ashe,Shen,Camille,XinZhao,Zed,Sivir,Karma,7730,100
Yorick,Warwick,Taliyah,Twitch,Zac,Camille,Karthus,Ahri,Ashe,Shaco,7278,100
Olaf,Gragas,Sylas,MissFortune,Annie,Quinn,Vi,Xerath,Lucian,Lux,-11274,200
Sion,Karthus,Vayne,Yasuo,Lux,Camille,Volibear,Pantheon,Jhin,Zilean,-7795,200
Kayle,Sejuani,Seraphine,Draven,Morgana,Darius,Khazix,Cassiopeia,Jhin,Braum,-12461,200
Garen,Lillia,Yasuo,Samira,Pyke,Camille,Kayn,Ahri,Kaisa,Poppy,13615,100
Sett,Pantheon,Veigar,Jhin,Nami,Shen,Kayn,AurelionSol,Draven,Thresh,-13863,200
Garen,Lillia,Hwei,Jhin,Morgana,Yasuo,Karthus,Veigar,Kaisa,Rakan,11007,100
Pantheon,Khazix,Viktor,Smolder,Orianna,Darius,Amumu,Fizz,Samira,Blitzcrank,6720,100
Sion,Nocturne,Hwei,Jhin,Renata,Sett,Karthus,Kaisa,Samira,Nautilus,-16962,200
Darius,Shaco,Ahri,Lucian,Nami,Sett,Trundle,Veigar,KogMaw,Leona,10336,100
Shen,Volibear,Caitlyn,Samira,Brand,Teemo,Morgana,Ryze,Aphelios,Alistar,-861,200
Teemo,Ekko,Malzahar,Jhin,Alistar,Sion,Zac,Zed,Lucian,Lux,-13031,200
TahmKench,Viego,Viktor,Jhin,Seraphine,Riven,Rammus,Veigar,Caitlyn,Sona,-8144,200
Sion,Nocturne,Ahri,Xayah,Sona,Gwen,Briar,Yone,Caitlyn,Thresh,-4560,200
Malphite,Briar,Ahri,Caitlyn,Zilean,Teemo,Udyr,Sylas,Varus,Soraka,8124,100
Riven,Nocturne,Yasuo,MissFortune,Swain,Tryndamere,Khazix,Cassiopeia,Ahri,Seraphine,9466,100
Singed,Karthus,Ahri,Nilah,Sona,Jax,Nunu,Ekko,Jinx,Velkoz,657,100
Illaoi,Rengar,Sylas,Draven,Maokai,Aatrox,Lillia,Veigar,Ashe,Senna,-8265,200
Shen,Trundle,Ahri,Jhin,Hwei,Darius,Skarner,Kassadin,Kaisa,Morgana,-2448,200
Sett,Skarner,Ahri,Caitlyn,Pyke,Garen,Amumu,Cassiopeia,Jhin,Morgana,-8477,200
Olaf,Amumu,Ahri,Jhin,Morgana,Riven,LeeSin,Lux,Twitch,Nami,-9057,200
Smolder,Kayn,Sett,Caitlyn,Veigar,Garen,Diana,Viego,Karthus,Poppy,-11346,200
Kennen,Amumu,Malphite,Draven,Soraka,Yorick,Ekko,Kayle,Senna,Thresh,20752,100
Yorick,Diana,Yasuo,Lucian,Nami,Irelia,Vi,Fizz,Caitlyn,Morgana,-11204,200
Renekton,MasterYi,Viktor,Vayne,Lux,Yorick,Lucian,Ahri,Briar,Morgana,-8312,200
Rumble,Poppy,Ahri,Jinx,Ashe,Gangplank,Warwick,Lissandra,MissFortune,Skarner,-11624,200
Illaoi,Nocturne,AurelionSol,KogMaw,Bard,Trundle,MasterYi,Ahri,Kaisa,Leona,-7889,200
Malphite,DrMundo,Ahri,Caitlyn,Heimerdinger,Yorick,Vi,Varus,Kalista,Skarner,6659,100
Camille,Kayn,Malzahar,Twitch,Yuumi,Illaoi,Skarner,Ahri,Draven,Pantheon,-15936,200
Tryndamere,Vi,Velkoz,Ashe,Lux,Yorick,Amumu,Ahri,Lucian,Pyke,-14858,200
Tryndamere,MasterYi,Vladimir,Vayne,Zilean,Garen,Amumu,Ahri,Ziggs,Zyra,7908,100
Darius,Chogath,Zed,Draven,Hwei,Tryndamere,Viego,Ahri,Senna,Soraka,8882,100
Malphite,Graves,Veigar,MissFortune,Nautilus,Vayne,Kindred,Ahri,Lucian,Thresh,-8874,200
Yone,MasterYi,Xerath,Senna,Nautilus,Chogath,Kayn,Ahri,Caitlyn,Anivia,-5977,200
Trundle,JarvanIV,Yasuo,Ziggs,Zyra,TahmKench,Udyr,Ahri,Lucian,Brand,-5192,200
Kayle,Nunu,Veigar,Jhin,Shaco,Nautilus,Nocturne,Ahri,KogMaw,Morgana,-6832,200
Malphite,Udyr,Ahri,Caitlyn,Lux,Kayle,Rengar,Viktor,Kaisa,Yuumi,6454,100
Heimerdinger,XinZhao,Gragas,Jhin,Teemo,Poppy,Zed,Ahri,Ashe,Renata,7682,100
Rumble,Udyr,Kalista,Ashe,Nautilus,Sett,Zed,Sylas,Tristana,Pyke,-16458,200
Poppy,Evelynn,Ahri,Kayle,Shaco,Trundle,Chogath,Ezreal,KogMaw,Nami,4672,100
Nasus,Viego,Hwei,Caitlyn,TahmKench,Illaoi,Elise,Brand,Ashe,Maokai,9710,100
Trundle,Sejuani,Veigar,Vayne,Lux,Urgot,LeeSin,Skarner,Ashe,Hwei,9776,100
Yasuo,Belveth,AurelionSol,Lucian,Nami,KSante,Lillia,Viego,Aphelios,Yuumi,8364,100
Mordekaiser,Amumu,Katarina,RekSai,Yasuo,Varus,TwistedFate,Nocturne,Akali,Soraka,22056,100
Nasus,Naafiri,Veigar,Tristana,Lux,Garen,Briar,Akali,Kaisa,Alistar,9775,100
KSante,Nunu,Diana,Jhin,Blitzcrank,Mordekaiser,LeeSin,Malphite,Twitch,Seraphine,3691,100
Garen,Viego,Annie,Twitch,Lux,Darius,Lillia,Diana,Sivir,Brand,-8214,200
Garen,Kayn,AurelionSol,Jhin,Poppy,DrMundo,Brand,Annie,Samira,Lux,11846,100
Garen,Kayn,Sylas,Aphelios,Lux,Yone,Viego,Azir,Jhin,TahmKench,-9165,200
Pantheon,Ivern,Katarina,Samira,Nautilus,Renekton,Poppy,Swain,Ashe,Janna,9431,100
Jax,Nocturne,Nasus,MissFortune,Zyra,Sylas,Briar,Yone,Aphelios,Soraka,-4746,200
DrMundo,Viego,Ekko,Samira,Leona,Renekton,Karthus,Leblanc,Yasuo,Swain,7072,100
Tryndamere,Nidalee,Tristana,Aphelios,Karma,DrMundo,Ekko,Anivia,Jhin,Morgana,3631,100
Sion,Shyvana,Ekko,Samira,Nautilus,Sett,Viego,Sylas,Jhin,Bard,7575,100
Aatrox,JarvanIV,Ryze,Varus,Shaco,Fiora,Lillia,Riven,Aphelios,Morgana,8307,100
KSante,Briar,Anivia,Aphelios,Twitch,Yasuo,Diana,Vex,Xayah,Lux,-4733,200
Trundle,Zac,Galio,Jinx,Senna,DrMundo,Nocturne,Malzahar,MissFortune,Camille,7869,100
Jinx,XinZhao,Malzahar,Jayce,Senna,Darius,Viego,Rumble,Smolder,Xerath,-9376,200
Aatrox,Udyr,Lissandra,Samira,Taric,Kled,MasterYi,Veigar,Xayah,Teemo,11509,100
Teemo,Brand,Fizz,Samira,Leona,Garen,Khazix,Kassadin,Jinx,Taric,9321,100
Darius,Briar,Brand,Jhin,Sona,Gragas,Khazix,Samira,Illaoi,Thresh,14622,100
Garen,LeeSin,Akali,Aphelios,Brand,Teemo,Warwick,Kassadin,Samira,Thresh,-9959,200
Chogath,LeeSin,Tristana,Jinx,Nami,DrMundo,Zac,Akali,Samira,Anivia,-8000,200
Akali,Amumu,Veigar,Jinx,Blitzcrank,DrMundo,XinZhao,Orianna,Kaisa,Lux,8423,100
Trundle,Karthus,Yasuo,Jhin,Senna,Camille,Amumu,AurelionSol,Veigar,Lux,42,200
Darius,Vi,Fizz,Ashe,Karma,TahmKench,Udyr,Yasuo,Jinx,Zyra,8906,100
Brand,Evelynn,Akshan,Kaisa,Janna,DrMundo,Jax,Sylas,Zeri,Zilean,-9316,200
TahmKench,JarvanIV,Annie,Samira,Leona,Kayle,Graves,Veigar,Draven,Rumble,-7505,200
Gwen,Nidalee,Sylas,Jinx,Viego,Trundle,Udyr,Hwei,Samira,Alistar,-3553,200
Sona,MasterYi,Yasuo,Aphelios,Morgana,Aatrox,Graves,Karma,KogMaw,Blitzcrank,-13939,200
Shen,Diana,Veigar,Jinx,Soraka,Volibear,Evelynn,Yone,KogMaw,Seraphine,-8535,200
Shyvana,Vi,Zed,Jinx,Braum,Fiora,Jax,Cassiopeia,Smolder,Lux,-11694,200
Teemo,Lillia,Lux,Samira,Nautilus,Irelia,Kindred,Katarina,Draven,Zac,5236,100
Yorick,JarvanIV,Ziggs,Jinx,Janna,Malphite,MasterYi,Veigar,Ezreal,Sona,7707,100
Camille,Lillia,Diana,Kaisa,Sona,TahmKench,Briar,Xerath,Jinx,Lulu,7303,100
DrMundo,Skarner,Zed,Jinx,Nami,Gwen,Kayn,Orianna,AurelionSol,Galio,9339,100
Camille,Yorick,Caitlyn,Jhin,Velkoz,Aatrox,Briar,AurelionSol,MissFortune,Thresh,7376,100
Tryndamere,Brand,Anivia,Kalista,Braum,Nasus,Rengar,Elise,Caitlyn,Nautilus,-7734,200
Urgot,Viego,Azir,Tristana,Nautilus,Quinn,XinZhao,Veigar,Caitlyn,Xerath,-8105,200
Garen,MasterYi,Neeko,MissFortune,Swain,Gragas,Vi,Ahri,Caitlyn,Yuumi,10634,100
Quinn,Lillia,Soraka,Caitlyn,Poppy,XinZhao,Shaco,Hwei,Tristana,Morgana,8144,100
Tristana,Kindred,Ahri,Nasus,Alistar,Gwen,Ekko,Akshan,Caitlyn,Milio,-15038,200
Yasuo,Diana,Taliyah,Caitlyn,Lulu,Urgot,Belveth,Lux,Samira,Singed,7236,100
Vayne,Warwick,Nasus,Caitlyn,Bard,Irelia,MasterYi,Gragas,Jhin,Seraphine,-13069,200
Garen,Brand,Qiyana,Caitlyn,Nautilus,Darius,Taliyah,Tristana,Ezreal,Poppy,11754,100
Vladimir,Amumu,Ahri,Jhin,Seraphine,Kayle,Evelynn,AurelionSol,Caitlyn,Camille,-18780,200
DrMundo,LeeSin,Fizz,AurelionSol,Ashe,Teemo,RekSai,Tristana,Karthus,Nautilus,-1257,200
DrMundo,Jax,Veigar,Caitlyn,Nami,Mordekaiser,XinZhao,Zed,Jhin,Swain,5831,100
Mordekaiser,Amumu,Cassiopeia,Jhin,Anivia,Aatrox,Brand,Akshan,Ezreal,Swain,-12136,200
Lillia,Viego,AurelionSol,Jinx,Braum,Sett,Zac,Ahri,Caitlyn,Brand,-11122,200
Sett,Teemo,Ahri,KogMaw,Janna,Yorick,Kindred,Orianna,Aphelios,Soraka,-11631,200
Yorick,Amumu,Orianna,Lucian,Braum,Illaoi,Sejuani,Heimerdinger,Ezreal,Brand,11512,100
Fiora,Volibear,Sylas,Tristana,Thresh,Nasus,Amumu,XinZhao,Caitlyn,Lux,-9284,200
Malzahar,MonkeyKing,Kayle,Yasuo,Xerath,Rell,Belveth,TwistedFate,Morgana,Darius,-6774,200
Thresh,Zyra,Udyr,Tryndamere,Maokai,Brand,Viego,Ahri,Draven,Alistar,-9116,200
TwistedFate,DrMundo,Kled,TahmKench,Fizz,Tristana,Aphelios,KogMaw,Yorick,LeeSin,-6503,200
TahmKench,Quinn,Twitch,Pantheon,Veigar,Zoe,Brand,Viktor,Xayah,Gragas,-32,200
Khazix,Neeko,Taric,Velkoz,Anivia,Evelynn,Brand,Ryze,Karthus,Jayce,2046,100
Ornn,Vi,Malphite,Caitlyn,Thresh,Shen,Chogath,Malzahar,MissFortune,Brand,8712,100
Yone,Kayn,Katarina,Jhin,Thresh,Gragas,Kindred,Brand,KogMaw,Nami,10956,100
Illaoi,Nocturne,Nasus,Jhin,Nami,Heimerdinger,JarvanIV,Corki,Lucian,Milio,9161,100
Caitlyn,Amumu,Taliyah,Shen,Milio,Darius,Udyr,Veigar,Twitch,Teemo,89,100
Yone,Skarner,AurelionSol,Zeri,Karma,TahmKench,Morgana,Diana,Samira,LeeSin,10700,100
Teemo,Viego,Ahri,Jhin,Nami,Urgot,Rammus,Anivia,KogMaw,Brand,12429,100
Kennen,Viego,Syndra,Jhin,Seraphine,Sett,MasterYi,Fizz,Kaisa,Brand,-10801,200
Mordekaiser,Warwick,Sylas,Twitch,Malphite,Urgot,Briar,Garen,Varus,Brand,-15755,200
DrMundo,Zac,Yasuo,Caitlyn,Brand,Urgot,Khazix,Viktor,KogMaw,Lux,7954,100
Malphite,Graves,Katarina,Lucian,TahmKench,Irelia,Nunu,Sett,Caitlyn,Nami,10062,100
MonkeyKing,Gragas,Azir,Ashe,Seraphine,Kayle,Amumu,Renekton,Kaisa,Lulu,711,200
Sett,Nocturne,Chogath,Seraphine,Shaco,Malphite,Kindred,Fizz,Jhin,Nami,-11378,200
Illaoi,Shyvana,Viktor,Caitlyn,Milio,Tryndamere,Vi,Vex,Draven,Seraphine,-9612,200
Sett,Karthus,Yasuo,Aphelios,Milio,Urgot,Shaco,Galio,Tristana,Leona,-11190,200
Vayne,Amumu,Yuumi,Smolder,Milio,Nasus,Diana,Hwei,Draven,Thresh,-10529,200
Volibear,Kayn,Diana,Varus,Nami,Garen,Vi,Brand,Kaisa,Lulu,-11468,200
Trundle,Rumble,Zed,Kaisa,Lux,Fiora,Shen,Pantheon,Caitlyn,Milio,12841,100
Urgot,XinZhao,Brand,Lucian,Nami,Kayle,MasterYi,Diana,Kaisa,Alistar,9643,100
Cassiopeia,Neeko,Nocturne,TahmKench,Tryndamere,Lux,Zeri,Taliyah,Rumble,Senna,769,100
TwistedFate,Zyra,Tristana,Lucian,Nautilus,Camille,Jax,Lux,Kaisa,Milio,-16530,200
Chogath,Nidalee,Brand,Jinx,Pantheon,Shen,Volibear,Orianna,Ashe,Milio,11821,100
Renekton,Shyvana,Galio,Kalista,Velkoz,Chogath,Elise,Brand,Lucian,Ashe,-7376,200
Garen,Ivern,Chogath,Draven,Blitzcrank,Volibear,Kayn,Malzahar,Vayne,Nautilus,14317,100
Renekton,Belveth,Syndra,Aphelios,Morgana,Ornn,Elise,Smolder,Xayah,Nautilus,-10965,200
Jax,Vi,Lux,Brand,Nami,Riven,Evelynn,Ahri,Samira,Nautilus,9979,100
Galio,Kindred,Seraphine,Lucian,Milio,Rumble,Nocturne,Anivia,Ezreal,Sona,-10704,200
Teemo,Vi,Pantheon,Ashe,Soraka,Skarner,Elise,Lux,Jinx,Pyke,4986,100
Urgot,Lillia,Fizz,MissFortune,Zyra,TwistedFate,Nocturne,Lux,Ezreal,Sona,5301,100
Trundle,Nunu,AurelionSol,Vayne,Blitzcrank,Volibear,Kindred,Lux,Senna,TahmKench,-5645,200
Trundle,Sejuani,Sylas,MissFortune,Zyra,Cassiopeia,Nunu,AurelionSol,Draven,Thresh,3717,100
JarvanIV,Kayn,Ryze,Twitch,Orianna,Illaoi,Evelynn,Lux,Caitlyn,Leona,-7355,200
Garen,Belveth,Lux,Jhin,Swain,Mordekaiser,Nasus,Akali,Kindred,Amumu,7545,100
Nasus,Viego,Lux,Jhin,Blitzcrank,Gangplank,Brand,Kassadin,Smolder,Swain,-16,100
Trundle,XinZhao,Malzahar,Draven,Nautilus,Akali,Briar,Corki,Varus,Swain,-5379,200
Garen,Graves,Yasuo,Twitch,Bard,Renekton,XinZhao,Galio,Kaisa,Brand,-4224,200
Garen,MasterYi,Syndra,Ashe,Yuumi,Shen,Kayn,Heimerdinger,Aphelios,Bard,-8684,200
Yone,Warwick,Swain,MissFortune,Leona,Renekton,Briar,Malzahar,Ezreal,Bard,-11132,200
Riven,Amumu,Viktor,Lucian,Bard,Camille,LeeSin,Ekko,Vayne,Taric,-6890,200
Ornn,Rengar,Malzahar,Jhin,Bard,Mordekaiser,LeeSin,Syndra,Samira,Pyke,-7987,200
Malphite,Evelynn,Ekko,Jhin,Blitzcrank,Olaf,Trundle,Neeko,Ezreal,Bard,-8374,200
Riven,Belveth,Swain,Jhin,Bard,Urgot,JarvanIV,Vladimir,MissFortune,Morgana,3766,100
Renekton,Kayn,Ryze,Jhin,Thresh,Riven,Rengar,Akali,Vayne,Bard,40,100
Rumble,Karthus,Qiyana,Caitlyn,Bard,Trundle,Jax,Vladimir,Twitch,Nami,-14764,200
Riven,Hecarim,Malzahar,Jinx,Bard,Tryndamere,Lillia,Taliyah,Jhin,Senna,1077,100
Aatrox,Hecarim,Yone,Jinx,Zyra,Riven,Rengar,Annie,Samira,Bard,11996,100
Yone,Lillia,Veigar,Yasuo,Leona,Riven,Briar,Lux,Tristana,Bard,-11234,200
Gnar,Shaco,Azir,Morgana,Bard,Tryndamere,Caitlyn,Xerath,Twitch,Pyke,-9751,200
Yone,Ekko,Naafiri,MissFortune,Morgana,Urgot,Briar,Annie,Kaisa,Bard,-12986,200
Ornn,DrMundo,Heimerdinger,Samira,Neeko,Riven,Warwick,Zoe,Teemo,Bard,1366,100
Riven,Shaco,Zoe,MissFortune,Bard,Jax,Viego,Hwei,Twitch,Nami,-3000,200
Darius,Nunu,Ahri,MissFortune,Morgana,Kaisa,Warwick,Akali,Lucian,Bard,6431,100
Camille,FiddleSticks,Katarina,Ashe,Yuumi,Urgot,Vi,Sylas,Jinx,Bard,-6927,200
Riven,Kayn,TwistedFate,Caitlyn,Bard,Trundle,Nocturne,Veigar,Varus,Soraka,8941,100
Chogath,Shaco,Talon,Tristana,Bard,Darius,Kayn,Kassadin,Kaisa,Ahri,2123,100
Riven,Warwick,Veigar,Samira,Bard,Thresh,MasterYi,Ekko,Kaisa,Aatrox,-9858,200
Garen,Vi,Shyvana,Lucian,Morgana,Ornn,Evelynn,Yasuo,Ashe,Bard,19535,100
Illaoi,Viego,Veigar,Jinx,Maokai,Riven,Shaco,Yone,KogMaw,Bard,-2011,100
Olaf,Rammus,Ekko,Ashe,Morgana,Rengar,XinZhao,Bard,Varus,Thresh,-11173,200
Riven,Rammus,Azir,Katarina,Xerath,Urgot,Kayn,Karma,Zilean,Morgana,-8386,200
Riven,Warwick,Fizz,Jhin,Bard,Garen,Vi,Yasuo,Jinx,Shaco,-6936,200
Illaoi,Zac,Neeko,Varus,Bard,Yorick,LeeSin,Vex,MissFortune,Teemo,8413,100
Aatrox,Evelynn,Malzahar,Jinx,Janna,Riven,XinZhao,Akali,Samira,Bard,-2102,200
Darius,Nidalee,Qiyana,Kaisa,Bard,Vayne,Amumu,Akali,Samira,Brand,-3912,200
Nasus,MonkeyKing,Kayle,Caitlyn,Nami,Teemo,Shaco,Katarina,Ezreal,Bard,4851,100
Sion,Amumu,Anivia,Kaisa,Bard,Quinn,JarvanIV,Veigar,MissFortune,Morgana,11707,100
Darius,Rammus,Sylas,Caitlyn,Bard,Tryndamere,Lillia,Leblanc,Ashe,Nami,-11831,200
Tryndamere,Nunu,Bard,Kaisa,Karthus,Darius,Zac,Vladimir,Zeri,Senna,-10433,200
Jax,Volibear,Nasus,Varus,Pyke,Renekton,Nocturne,AurelionSol,Kaisa,Bard,-9202,200
Riven,MasterYi,Viktor,Ezreal,Bard,Mordekaiser,FiddleSticks,AurelionSol,Ashe,Leona,-7834,200
Cassiopeia,Rammus,Vex,Jhin,Morgana,Darius,Shaco,Ahri,Jinx,Pyke,-12567,200
Kayle,Graves,Azir,Akshan,Lux,Nasus,Vi,Akali,Jhin,Blitzcrank,-9316,200
Ornn,Vi,Ahri,MissFortune,Brand,Irelia,MasterYi,AurelionSol,Ashe,Velkoz,12287,100
Aatrox,Draven,Ahri,Zac,Sona,Akali,Viego,Malzahar,Nilah,Seraphine,8848,100
Garen,Diana,Malzahar,Draven,Yuumi,Sylas,Ivern,Jax,Caitlyn,Thresh,12287,100
Yorick,Khazix,Talon,Jhin,Zac,Sion,Evelynn,Garen,MissFortune,Nami,-14831,200
Teemo,Udyr,Akali,Lucian,Leona,Darius,Vi,Ahri,Caitlyn,Thresh,-11214,200
Vayne,Shaco,Azir,Senna,Rell,Renekton,LeeSin,Ziggs,MissFortune,Pantheon,-10062,200
Gnar,XinZhao,Irelia,Smolder,Lux,Tryndamere,Volibear,Yasuo,Ashe,Blitzcrank,7685,100
Malphite,Viego,Yasuo,Caitlyn,Lux,Mordekaiser,Shaco,Leblanc,Samira,Maokai,-4671,200
Kled,Vi,Garen,Caitlyn,Velkoz,Sett,Amumu,Brand,Jinx,Milio,-3865,200
Mordekaiser,Vi,Briar,Vayne,Brand,Sion,Elise,Tristana,Smolder,Blitzcrank,4555,100
Kayle,Vi,Zed,Ziggs,Brand,Vayne,Jax,Corki,Jhin,Nami,7058,100
Aatrox,Kayn,Malzahar,Sivir,Ashe,Gangplank,Vi,Galio,Jinx,Nautilus,11174,100
Ornn,FiddleSticks,Hwei,Draven,Thresh,Rumble,Shaco,Ahri,Samira,Leona,12870,100
Shen,Vi,Talon,MissFortune,Zyra,TahmKench,Shaco,Katarina,Twitch,Karma,-10321,200
Smolder,Vi,Yasuo,Lucian,Lux,Illaoi,Viego,Katarina,Vayne,Thresh,10432,100
DrMundo,Vi,Vex,Sivir,Thresh,Gwen,Briar,Corki,Lucian,Lux,-9232,200
Gnar,Vi,Orianna,Kaisa,Shaco,Smolder,Rumble,Malzahar,MissFortune,Seraphine,17007,100
MonkeyKing,Vi,Vex,Draven,Zyra,Renekton,Jax,Lux,Nilah,Nami,14183,100
Riven,Warwick,Vladimir,Ezreal,Nami,Volibear,Amumu,Taliyah,Sivir,Brand,13557,100
Camille,XinZhao,Fizz,Smolder,Bard,Malphite,Diana,Sion,Caitlyn,Velkoz,9273,100
Darius,Kayn,Malzahar,Samira,Rakan,Riven,Diana,Yasuo,Kaisa,Velkoz,-2980,200
Fiora,Belveth,Veigar,Jinx,Nautilus,Shen,Viego,Yone,Jhin,Lux,-8975,200
Trundle,Shaco,Yone,Draven,Yuumi,Vi,Viego,Yasuo,Veigar,Brand,-9914,200
Gwen,FiddleSticks,Lux,Caitlyn,Brand,Ornn,Shaco,Fizz,Aphelios,Janna,6271,100
Maokai,Shaco,Ahri,MissFortune,Braum,Caitlyn,Ekko,Fizz,Heimerdinger,Poppy,13722,100
Ornn,Vi,Fizz,Jinx,Pantheon,Yone,Shyvana,Irelia,Ezreal,Shaco,5548,100
Garen,Shaco,Syndra,Caitlyn,Sivir,Mordekaiser,Jax,Fizz,Jinx,Brand,-8579,200
Camille,Shaco,Hwei,KogMaw,Neeko,Renekton,Brand,Akshan,Twitch,Yuumi,4721,100
Shen,Briar,Akali,Caitlyn,Lux,DrMundo,Shaco,TwistedFate,Kaisa,Bard,-4032,200
Kled,Malphite,Kayle,MissFortune,Zilean,Nasus,Kindred,Lissandra,Caitlyn,Ashe,9313,100
Teemo,Brand,Urgot,Lucian,Leona,Yorick,Vi,Ashe,Caitlyn,Braum,-11652,200
Azir,Nocturne,Zed,Lucian,Rumble,Teemo,Vi,Malphite,MissFortune,Sona,-322,200
Gangplank,Jax,Kayle,Jhin,Lux,Mordekaiser,Tryndamere,Malphite,Jinx,Sona,15436,100
Pantheon,Poppy,Ekko,Ashe,Lux,Sion,Skarner,Diana,Sivir,Soraka,-10166,200
Tryndamere,Ivern,Kayle,Jinx,Teemo,Nasus,Brand,Malphite,Samira,Pantheon,9245,100
Gwen,Viego,Kled,Draven,Seraphine,Ryze,Mordekaiser,Yorick,Samira,Nautilus,-13054,200
Renekton,XinZhao,AurelionSol,Jinx,Sona,Kayle,Vi,Yasuo,MissFortune,Pyke,2014,100
Kayle,Nocturne,Yasuo,Vayne,Veigar,Camille,Diana,Brand,Jinx,Leona,-10643,200
Gnar,FiddleSticks,Yasuo,Caitlyn,Lux,Sett,Vi,Akali,Aphelios,Nami,13960,100
DrMundo,Brand,Irelia,MissFortune,Xerath,Kayle,Pantheon,AurelionSol,Xayah,Rakan,14536,100
Olaf,Pantheon,Veigar,Jhin,Shaco,Leona,Briar,Ahri,Vayne,Rell,2875,100
Akali,Vi,Yorick,Smolder,Alistar,Sett,Kindred,Ahri,MissFortune,Sona,-4524,200
Aatrox,Viego,Corki,Jinx,Lulu,Sett,Vi,Diana,MissFortune,Ashe,-9202,200
Kayle,Vi,Ziggs,Draven,Nami,Pantheon,Malphite,Ryze,Ashe,Lucian,6564,100
Illaoi,Vi,Fizz,Jhin,Lux,Darius,Rengar,Gangplank,Seraphine,Pyke,3215,100
Fiora,Warwick,Viktor,Jinx,Xerath,Akali,Vi,Malzahar,Sivir,Janna,-3862,200
KSante,Poppy,Brand,Seraphine,Ashe,Gwen,Vi,Galio,Jhin,Thresh,5184,100
Jayce,XinZhao,Diana,Jhin,Ekko,Darius,Nidalee,Orianna,Lucian,Karma,-10618,200
Jayce,Diana,Lulu,Caitlyn,Nocturne,Smolder,RekSai,Irelia,Jinx,Zyra,4687,100
TahmKench,Jax,Morgana,Caitlyn,Soraka,Jayce,Kindred,Diana,Jinx,Lulu,-5065,200
Nasus,Volibear,Brand,Kaisa,Morgana,Mordekaiser,Kindred,Ahri,Caitlyn,Zilean,7351,100
Sett,Volibear,Nunu,Kaisa,Shen,Nasus,Velkoz,Ahri,Caitlyn,Lux,-8042,200
Lillia,Volibear,Diana,Caitlyn,Morgana,Urgot,Amumu,Shen,Jinx,Seraphine,1901,100
Mordekaiser,Kayn,Yone,MissFortune,Yuumi,Kayle,Diana,Annie,Smolder,Neeko,-6646,200
Illaoi,Nidalee,Diana,Yasuo,Rakan,DrMundo,Nunu,Renekton,MissFortune,Lux,-9565,200
Kayn,Sylas,Yone,Draven,Nautilus,Gwen,Amumu,Diana,MissFortune,Zilean,-8925,200
Urgot,Kayn,Diana,Tristana,Lulu,Poppy,Nocturne,Orianna,Ezreal,Soraka,-10173,200
Riven,Orianna,Diana,Smolder,Shaco,Gangplank,Belveth,Twitch,Caitlyn,Lux,2104,200
Olaf,Shaco,Lissandra,Samira,Leona,Quinn,Maokai,Diana,Ezreal,Taliyah,-480,200
Trundle,JarvanIV,Yasuo,Varus,Shen,Sett,Viego,Yone,KogMaw,Sona,-17093,200
Garen,Warwick,Diana,Jinx,Zyra,Darius,Gwen,Vex,KogMaw,Nami,-8801,200
Yorick,Naafiri,Hwei,Varus,Janna,Quinn,Brand,Zac,Tristana,Renata,-8537,200
KSante,Graves,Yone,Tristana,Nautilus,Kayle,Vi,Ekko,Jhin,Ashe,-2435,200
Camille,Fizz,Malzahar,Ashe,Nautilus,Gnar,JarvanIV,Naafiri,Varus,Velkoz,-10974,200
Jayce,Diana,Sylas,Jhin,Xerath,Syndra,Viego,Zed,Aphelios,Blitzcrank,-7607,200
Yasuo,Ekko,Kassadin,Smolder,Pyke,Jax,Amumu,Diana,Jinx,Gragas,-11483,200
Warwick,Diana,Shen,MissFortune,Renata,Udyr,Nocturne,Syndra,Zilean,Caitlyn,-11143,200
Kayle,Nocturne,Zoe,Varus,Morgana,Camille,Skarner,Yone,Aphelios,Karma,-35,100
Yone,Hecarim,Diana,Neeko,Caitlyn,Twitch,Warwick,Vex,Kalista,Camille,-8913,200
Volibear,Darius,Diana,Seraphine,Neeko,Kennen,Kayn,Irelia,Aphelios,Karma,8150,100
Mordekaiser,Shyvana,Yasuo,KogMaw,Taric,Aatrox,JarvanIV,Diana,Ashe,Annie,10079,100
Mordekaiser,MissFortune,Talon,Diana,Amumu,Tryndamere,Viego,Khazix,Lucian,Velkoz,5497,100
Camille,Kayn,Garen,Jhin,Swain,Illaoi,Amumu,Lux,MissFortune,Brand,13664,100
Chogath,Trundle,Jhin,MissFortune,Brand,Senna,Skarner,Lux,Tristana,Zyra,-11894,200
Quinn,Rammus,Naafiri,Caitlyn,Lux,Malphite,Shaco,Nami,Lucian,Ahri,-5173,200
Darius,Lillia,Ryze,MissFortune,Lux,Aatrox,Graves,Diana,Sivir,Velkoz,16234,100
Urgot,Lillia,Vex,Kaisa,Nami,Aatrox,Shyvana,Diana,Varus,Morgana,-8892,200
Kayle,LeeSin,Yasuo,Twitch,Blitzcrank,Aatrox,Diana,Darius,Jhin,Lux,-9987,200
Mordekaiser,Shyvana,Diana,Yasuo,Alistar,Warwick,Skarner,Lux,Trundle,Anivia,-6684,200
Aatrox,Kayn,Diana,KogMaw,Sion,Zilean,Evelynn,Qiyana,Ezreal,Teemo,15803,100
Darius,Sejuani,TwistedFate,Caitlyn,Renata,Nasus,Diana,Olaf,Jinx,Brand,9939,100
Chogath,Shyvana,Talon,Jhin,Nautilus,Nasus,Amumu,Vi,Caitlyn,Lux,1752,100
Gwen,Volibear,Hwei,Varus,Yuumi,Sion,Kayn,Pantheon,Nilah,Lux,10069,100
DrMundo,Kindred,Twitch,KogMaw,Lux,Gwen,Teemo,Diana,Smolder,Caitlyn,9999,100
Sion,Ekko,Diana,Jhin,Zyra,Skarner,MonkeyKing,Veigar,Smolder,Xerath,8496,100
Ornn,Warwick,Diana,Ezreal,Karma,Pantheon,Skarner,Fizz,Jhin,Blitzcrank,-7694,200
Aatrox,Diana,Sion,MissFortune,Ashe,Akali,Udyr,Corki,Jinx,Taric,-9505,200
Kennen,Vi,Yone,Jinx,Zyra,Jax,Nocturne,Diana,MissFortune,TahmKench,-7943,200
Renekton,Viego,Hwei,Smolder,Xerath,Kayle,Brand,Talon,Draven,Blitzcrank,-6476,200
Riven,Karthus,Lux,Tristana,Zilean,Poppy,Sejuani,Yasuo,Jhin,Bard,-11992,200
Kled,LeeSin,Ahri,Smolder,Morgana,Illaoi,Elise,Yasuo,Varus,Maokai,-8727,200
Rumble,Rengar,Qiyana,Twitch,Amumu,Garen,MasterYi,Teemo,Tristana,Swain,-14136,200
Sett,Udyr,Taliyah,Hwei,Yuumi,Mordekaiser,Tryndamere,Yone,Jhin,Ashe,11470,100
Teemo,Amumu,Ahri,Yone,Yasuo,Pantheon,Udyr,Zyra,Ashe,Senna,5744,100
Irelia,Warwick,Sylas,Tristana,Blitzcrank,Jax,Khazix,Naafiri,MissFortune,Morgana,10061,100
Olaf,Twitch,Veigar,Samira,Hwei,Gragas,XinZhao,Orianna,Caitlyn,Lux,-6678,200
Jax,Amumu,Viktor,Jhin,Yuumi,Teemo,MasterYi,Yasuo,Ashe,Lux,5087,100
Jax,Amumu,Corki,Jhin,Lulu,Ornn,Brand,Malzahar,Lucian,Lux,-11040,200
Lissandra,Nasus,Jhin,Shaco,Nidalee,Bard,Vi,Blitzcrank,MissFortune,Sion,-9254,200
Darius,Morgana,Katarina,Twitch,Nautilus,Sett,Evelynn,Viktor,MissFortune,Lux,-11552,200
Malphite,XinZhao,Ashe,Orianna,Chogath,Kayle,Belveth,Fizz,Twitch,Zyra,1101,100
Sett,Karthus,Talon,Twitch,Pyke,TahmKench,Elise,Yone,Sivir,Galio,8929,100
Singed,Ekko,Galio,Twitch,Nautilus,Zac,Skarner,Akali,KogMaw,Brand,4239,100
Vayne,MasterYi,Katarina,Twitch,Rumble,Illaoi,Amumu,Lux,Jinx,Nami,17837,100
Zac,Sejuani,Swain,Twitch,Zyra,Aatrox,Ekko,Diana,Jinx,Blitzcrank,5551,100
Illaoi,Nidalee,AurelionSol,Sivir,Lux,Gwen,Rengar,Brand,Ashe,Sona,-8037,200
DrMundo,MasterYi,Zed,Twitch,Morgana,Darius,Seraphine,Brand,Jinx,Sona,7831,100
Aatrox,Seraphine,Yasuo,Twitch,Yuumi,Teemo,Nocturne,Brand,Draven,Leona,6339,100
Kled,Viego,Lux,Jinx,Brand,TahmKench,Jax,Zyra,Jhin,Leona,-6977,200
Tryndamere,Volibear,Azir,Jhin,Brand,Nasus,MasterYi,Veigar,Twitch,Zyra,-5,100
Veigar,XinZhao,Hwei,Twitch,Nami,Yone,Darius,Sylas,Samira,Seraphine,5894,100
DrMundo,Elise,Akali,Samira,Rakan,KSante,LeeSin,Viktor,Ashe,Pantheon,-12850,200
Malphite,LeeSin,Galio,Kalista,Seraphine,Chogath,Briar,Hwei,Caitlyn,Pyke,-9967,200
Sett,Ahri,Ivern,Ornn,Senna,Poppy,MonkeyKing,Corki,Brand,Ashe,-12082,200
Darius,Elise,Ahri,Kalista,Senna,Karma,Maokai,Lux,Kaisa,Brand,15579,100
Nasus,Karthus,Hwei,Ezreal,Thresh,Sion,Diana,Veigar,Zeri,Seraphine,-8369,200
Syndra,Renata,Sion,Kalista,Kayn,DrMundo,Ashe,Taric,Volibear,Galio,-6328,200
Rell,Amumu,Illaoi,Ziggs,Vayne,Syndra,Senna,Kayle,Ornn,XinZhao,-5154,200
Skarner,Heimerdinger,Garen,Galio,Jinx,Syndra,Senna,DrMundo,Kalista,Ivern,-12509,200
Volibear,Lillia,Graves,Kalista,Senna,Chogath,Shen,Azir,Ezreal,Janna,9974,100
Teemo,FiddleSticks,Ekko,Zeri,Seraphine,Camille,MasterYi,Brand,Jhin,Blitzcrank,-12528,200
Vayne,Warwick,Hwei,Lucian,Pyke,Tryndamere,Nocturne,Sylas,Zeri,Rakan,-562,200
Urgot,Diana,Katarina,Jhin,Zyra,Tryndamere,Kayn,Galio,Kalista,Senna,-10713,200
Volibear,MasterYi,Galio,Ashe,Seraphine,Mordekaiser,Warwick,Diana,Nilah,Nasus,-13912,200
Singed,LeeSin,Galio,Ashe,Seraphine,Shen,Ivern,Brand,Lucian,Thresh,-5894,200
Sett,Hecarim,Veigar,Kalista,Seraphine,Renekton,Graves,Brand,Karthus,Thresh,643,200
Aatrox,Lillia,Malzahar,Draven,Swain,Kayle,Jax,Seraphine,Nautilus,Senna,14584,100
Gangplank,LeeSin,Brand,Kalista,Maokai,Irelia,Amumu,AurelionSol,Zeri,Nasus,-4725,200
Sylas,Volibear,Evelynn,Vex,Ezreal,Poppy,Warwick,Kalista,Ekko,Elise,10185,100
Shen,Khazix,Yone,MissFortune,Leona,Shaco,Elise,Ekko,Nautilus,Senna,-15170,200
Seraphine,Teemo,Sejuani,Tristana,Jinx,Kaisa,Lulu,DrMundo,Jhin,Lux,-4510,200
Pyke,Shaco,Kalista,Brand,JarvanIV,Ezreal,AurelionSol,Thresh,Zac,XinZhao,-7902,200
Nautilus,Illaoi,Ashe,Vex,LeeSin,KSante,DrMundo,Teemo,Caitlyn,Lux,9522,100
Teemo,Kayn,Kaisa,Samira,Soraka,Renekton,Khazix,Veigar,Zeri,Maokai,3704,100
TahmKench,Shaco,Ahri,Caitlyn,Rammus,Aatrox,Karthus,Lux,Zeri,Nami,382,100
Kayle,Evelynn,Kassadin,Jinx,Nautilus,Jax,Viego,Sylas,Kalista,Thresh,-6281,200
Yorick,Vi,TwistedFate,Swain,Neeko,Nasus,Nunu,Yasuo,Smolder,Zyra,-9074,200
Viego,Teemo,Kassadin,Jinx,Ahri,Gwen,Warwick,Kayle,Zeri,Maokai,3182,100
Sett,Shaco,Tristana,Smolder,Milio,Trundle,KogMaw,Yasuo,Rammus,Brand,-7333,200
Skarner,Ashe,Vex,Viego,Thresh,DrMundo,Shaco,Xerath,Kalista,Pyke,-15014,200
MonkeyKing,Poppy,Syndra,Ashe,Ziggs,Garen,Viego,Veigar,Smolder,Lux,6067,100
Shaco,Taliyah,Zed,Draven,Pantheon,LeeSin,Zeri,Fizz,Kalista,Lissandra,12492,100
Kayle,Evelynn,Tristana,Nautilus,Kaisa,Gwen,Graves,TwistedFate,Kalista,Shaco,-10011,200
Nasus,Jax,Malzahar,KogMaw,Nami,Gwen,Nidalee,Malphite,Kalista,Kennen,3152,100
Volibear,Vayne,Morgana,Lissandra,MonkeyKing,Kalista,Gwen,Viktor,Kennen,Viego,-12232,200
Gwen,Ekko,Yone,Kalista,Kennen,Zac,Graves,Taliyah,Lucian,Nami,-6011,200
Garen,Sejuani,Azir,Lucian,Nami,Mordekaiser,Gragas,Jayce,Kalista,Leona,-14932,200
Caitlyn,LeeSin,TwistedFate,Kaisa,Lux,Varus,Kayn,Veigar,Kalista,Tristana,2982,100
Gragas,Shen,Fizz,Chogath,Darius,Gnar,Brand,Katarina,Kalista,Seraphine,5604,100
Kayle,Ekko,Yone,Kalista,Pyke,Garen,Volibear,Ahri,Jinx,Ashe,-3207,200
Olaf,Graves,Brand,Samira,Nautilus,Sion,Diana,Akshan,Zeri,Nami,-13175,200
Quinn,Shyvana,Fizz,Jhin,Gragas,Sion,Ekko,Lux,Kalista,Nautilus,13376,100
Renekton,Belveth,Leblanc,Kalista,Renata,Urgot,Kayn,Brand,TahmKench,Senna,-12479,200
Tryndamere,Sejuani,Jayce,MissFortune,Karma,Teemo,Vi,Taliyah,Twitch,Sona,-11384,200
Chogath,Brand,Taliyah,Ashe,Thresh,AurelionSol,Diana,Yasuo,Ezreal,Rell,-8880,200
Gwen,Belveth,TwistedFate,Smolder,Nami,Kayle,LeeSin,Yone,Ezreal,Blitzcrank,4041,100
Gnar,Viego,Yone,Ashe,Leona,Mordekaiser,LeeSin,Lux,Kalista,Neeko,7717,100
Lux,XinZhao,Ekko,Kalista,Nautilus,Hwei,Sejuani,Ahri,Caitlyn,Nami,-3319,200
Volibear,Belveth,TwistedFate,Caitlyn,Zoe,Darius,Nidalee,Lux,Kalista,Braum,-8582,200
Akshan,Brand,Ahri,Jinx,Leona,Kayle,Mordekaiser,Veigar,Draven,Nautilus,5043,100
Garen,Teemo,Ahri,Lucian,Nami,Yasuo,Brand,Neeko,Jhin,Swain,7232,100
Volibear,Evelynn,Veigar,Brand,Ashe,Urgot,Viego,Heimerdinger,Caitlyn,Lux,-872,200
Rumble,Warwick,Lux,Samira,Janna,Gangplank,Kayn,Syndra,Lucian,Nami,-9800,200
Fiora,LeeSin,Fizz,MissFortune,Lux,Akshan,Diana,AurelionSol,Varus,Neeko,14343,100
Talon,Nidalee,Yasuo,Draven,Pyke,Jax,Shaco,Yasuo,Varus,Morgana,3054,100
Gragas,LeeSin,Talon,Lucian,Nami,Aatrox,Lillia,Hwei,Twitch,Neeko,-8900,200
Illaoi,Nidalee,Diana,Yasuo,Rakan,DrMundo,Nunu,Renekton,MissFortune,Lux,-9565,200
Gangplank,MonkeyKing,Ezreal,Vayne,Lulu,Darius,LeeSin,Yasuo,Aphelios,Brand,-7469,200
Urgot,JarvanIV,Katarina,Twitch,Bard,Gangplank,LeeSin,Xerath,Ashe,Milio,7558,100
Urgot,Shen,Malzahar,Tristana,Yuumi,Darius,LeeSin,Azir,Aphelios,Thresh,-10438,200
Camille,Fizz,Malzahar,Ashe,Nautilus,Gnar,JarvanIV,Naafiri,Varus,Velkoz,-10974,200
Irelia,Warwick,Sylas,Tristana,Blitzcrank,Jax,Khazix,Naafiri,MissFortune,Morgana,10061,100
Olaf,Twitch,Veigar,Samira,Hwei,Gragas,XinZhao,Orianna,Caitlyn,Lux,-6678,200
Renekton,Ekko,Lissandra,Ashe,Lux,Urgot,Nocturne,Galio,Twitch,Vex,2084,100
Briar,Blitzcrank,Diana,Jayce,Kalista,Senna,Ekko,Caitlyn,Kayn,TwistedFate,8305,100
Aatrox,Vi,Diana,Lucian,Nami,Renekton,Briar,Heimerdinger,Ashe,Janna,-10925,200
Yone,Evelynn,Xerath,TwistedFate,Shaco,TahmKench,Olaf,Akali,Smolder,Senna,2826,100
Teemo,Evelynn,Naafiri,Kaisa,Janna,Sion,Khazix,Hwei,Jinx,Alistar,16,100
Darius,Evelynn,Ahri,Aphelios,Teemo,Urgot,Volibear,Ezreal,MissFortune,Maokai,-12337,200
Gragas,Gragas,Gragas,Gragas,Gragas,Zed,Zed,Zed,Zed,Zed,13725,100
Teemo,Graves,Talon,Smolder,Yuumi,Chogath,Nocturne,Talon,Ezreal,Hwei,5507,100
Teemo,Nunu,Jayce,Smolder,Ahri,Yone,Mordekaiser,Shen,Kaisa,Lux,9918,100
Fiora,Garen,Irelia,Smolder,Azir,Fiora,Udyr,Brand,Yasuo,Velkoz,3646,200
Gangplank,Hecarim,Akali,Volibear,Zilean,Teemo,MasterYi,Yone,Smolder,Ezreal,5039,100
Sett,Vi,Taliyah,Caitlyn,Kennen,Malphite,Warwick,Azir,Xayah,Karma,-3149,200
Jayce,Taliyah,Kassadin,Lucian,Brand,Nasus,Vi,Katarina,Aphelios,Hwei,-5131,200
Gragas,Warwick,Tryndamere,Zeri,Shaco,Gragas,JarvanIV,Lux,Jinx,Senna,4325,100
Gangplank,FiddleSticks,Ahri,Draven,Morgana,DrMundo,Sejuani,Sion,Smolder,Renata,-3195,200
Sion,Volibear,Yone,MissFortune,Maokai,Olaf,LeeSin,Yasuo,Draven,Neeko,-4831,200
Yasuo,Evelynn,Malzahar,Caitlyn,Quinn,Illaoi,Vi,Gangplank,Aphelios,Sona,-15252,200
Mordekaiser,MasterYi,Zed,Smolder,Lux,Teemo,Graves,AurelionSol,Aphelios,Morgana,11462,100
Smolder,Khazix,Sylas,Tristana,TwistedFate,Aatrox,Warwick,Vex,Aphelios,Pyke,-859,200
TwistedFate,RekSai,Lucian,Draven,Morgana,Nasus,Hecarim,Yasuo,Tristana,Nami,-5706,100
Yorick,Maokai,AurelionSol,Ashe,Nautilus,Garen,Volibear,Katarina,Draven,Nautilus,8425,100
Pantheon,Poppy,Lux,Aphelios,Janna,Chogath,LeeSin,Ahri,Smolder,Ashe,-3311,100
Darius,MasterYi,Qiyana,Cassiopeia,Sona,Poppy,LeeSin,Diana,TwistedFate,Senna,6094,100
Vayne,Kayn,Malphite,Jhin,Lux,TwistedFate,LeeSin,Galio,Kaisa,Nautilus,9346,100
Urgot,Briar,Hwei,Kaisa,Blitzcrank,Trundle,Briar,Hwei,Draven,Senna,5535,100
Varus,Jax,KogMaw,Karma,Leblanc,Soraka,TwistedFate,Sylas,Taliyah,Nautilus,-4243,200
Riven,Rammus,Zoe,Ezreal,Brand,Graves,Akali,Zed,Seraphine,Bard,-5364,200
Pantheon,Rell,Ahri,Kaisa,Sona,Smolder,Ivern,Lissandra,Ezreal,Maokai,11829,100
Gwen,Viego,Diana,Senna,Lux,Volibear,Shen,Pyke,MissFortune,Leona,4142,100
Aatrox,Vi,Irelia,Caitlyn,Lux,Smolder,Ekko,Yasuo,Jhin,Lulu,4621,100
Sett,Shaco,Malzahar,MissFortune,Sona,Vayne,Kayn,AurelionSol,Smolder,Lux,9172,100
Taliyah,Zyra,Bard,Karma,Ekko,Nocturne,Singed,Lux,Garen,Nasus,4776,100
Ryze,Sett,JarvanIV,Jinx,Yone,Velkoz,Kaisa,Quinn,Vayne,Zoe,4764,100
Renekton,RekSai,Lucian,MissFortune,Qiyana,Yasuo,LeeSin,Akshan,Aphelios,Briar,-6334,200
Udyr,LeeSin,Kayle,Hwei,RekSai,Pantheon,Nidalee,Ahri,Jhin,Thresh,3174,100
Jayce,XinZhao,Diana,Jhin,Ekko,Darius,Nidalee,Orianna,Lucian,Karma,-10618,200
Jayce,Diana,Lulu,Caitlyn,Nocturne,Smolder,RekSai,Irelia,Jinx,Zyra,4687,100
TahmKench,Jax,Morgana,Caitlyn,Soraka,Jayce,Kindred,Diana,Jinx,Lulu,-5065,200
Shen,Viego,Sylas,Lux,Senna,Jax,Warwick,Hwei,Jinx,Leona,-9693,200
Nasus,Volibear,Brand,Kaisa,Morgana,Mordekaiser,Kindred,Ahri,Caitlyn,Zilean,7351,100
Sett,Volibear,Nunu,Kaisa,Shen,Nasus,Velkoz,Ahri,Caitlyn,Lux,-8042,200
Malphite,Viego,Hwei,Caitlyn,Pyke,Shen,Brand,Sylas,Xayah,Sona,-7827,200
Gwen,Shaco,Soraka,Tristana,Nautilus,Kayle,Nidalee,Karthus,Jhin,Pyke,-4466,200
Yasuo,Lulu,LeeSin,Soraka,TwistedFate,Akali,Ezreal,Aphelios,Viego,FiddleSticks,-5042,200
Aatrox,Brand,Sylas,KogMaw,Nami,Garen,Briar,Tristana,Jinx,Lux,10359,100
Kayle,Warwick,Sylas,Lucian,Nami,Trundle,Amumu,Diana,Varus,Leona,9001,100
Riven,Karthus,Ryze,Corki,Senna,Akali,Sylas,Rengar,Ashe,Sona,-9665,200
Skarner,Nidalee,Kaisa,Lucian,Leona,Riven,Brand,Sylas,Samira,Rakan,7659,100
Aatrox,Evelynn,Akshan,Caitlyn,Seraphine,Garen,Diana,Sylas,Lucian,Leona,-17030,200
Chogath,LeeSin,Akshan,Jhin,Zyra,Sett,Zac,Sylas,Sivir,Janna,4096,100
XinZhao,Karthus,Sylas,Kalista,Taric,Riven,Briar,Yasuo,Varus,Ashe,9448,100
Darius,Warwick,Ahri,Jinx,Alistar,Camille,LeeSin,Irelia,Lucian,Lux,9130,100
Jayce,Diana,Sylas,Jhin,Xerath,Syndra,Viego,Zed,Aphelios,Blitzcrank,-7607,200
Chogath,Gwen,Ahri,Ashe,Senna,Katarina,MonkeyKing,Vladimir,MissFortune,Thresh,-1252,200
Fiora,Skarner,Zed,Jinx,MissFortune,Malphite,Diana,Qiyana,Ashe,Morgana,-9732,200
Darius,Morgana,Diana,Ashe,Thresh,Irelia,Amumu,Akali,Ezreal,Bard,8504,100
Jayce,MasterYi,Naafiri,Lux,Veigar,Camille,Lillia,Vi,Caitlyn,Senna,-5359,200
Garen,Viego,Akali,Zeri,Sona,Brand,Evelynn,Zed,Jinx,Shen,10618,100
Olaf,Kindred,Hwei,Kaisa,Pyke,Jayce,Khazix,Taliyah,Caitlyn,Lux,12805,100
Galio,Volibear,Akali,Vayne,Pyke,Riven,Graves,Lux,MissFortune,Morgana,-7807,200
Darius,Khazix,Morgana,Tristana,Seraphine,Fiora,Viego,Leblanc,MissFortune,Zilean,6913,100
Ornn,Vi,Sylas,Jinx,Brand,Aatrox,Briar,Fizz,Lucian,Pyke,8612,100
Yorick,Nocturne,Yasuo,Jinx,Lux,Garen,Viego,Annie,Ezreal,Skarner,12462,100
DrMundo,Viego,Fizz,Yasuo,Yone,Tryndamere,Graves,Diana,MissFortune,Seraphine,9838,100
Sylas,Nocturne,Jayce,Xayah,Sona,Trundle,Diana,Ziggs,Jhin,Zyra,5614,100
Pantheon,Diana,Malzahar,Samira,Morgana,Gwen,Khazix,Yone,Jinx,Taric,-121,100
Renekton,Warwick,Kassadin,Lucian,Lulu,Akali,Graves,Sylas,Ashe,Poppy,10813,100
Darius,Belveth,Naafiri,Smolder,Veigar,TahmKench,Zac,Sylas,Caitlyn,Morgana,-11233,200
Chogath,Zac,Zyra,Senna,Rell,Sett,MasterYi,Sylas,Jinx,Malphite,167,200
Swain,LeeSin,Sylas,Ezreal,Pantheon,Irelia,Hecarim,AurelionSol,Tristana,Braum,9297,100
Illaoi,Vi,Veigar,Ashe,Maokai,Teemo,Volibear,Sylas,Caitlyn,Yuumi,-6399,200
Yorick,Brand,Jayce,Caitlyn,Lux,Garen,Sion,Lissandra,Jinx,Leona,11074,100
Gwen,JarvanIV,Yasuo,Caitlyn,Thresh,Akali,Belveth,Talon,Twitch,Amumu,-11876,200
Trundle,Volibear,Lux,Caitlyn,Seraphine,Renekton,Viego,Sylas,Ashe,Janna,-7489,200
