T1C1,T1C2,T1C3,T1C4,T1C5,T2C1,T2C2,T2C3,T2C4,T2C5,GD
Irelia,Darius,Xerath,Anivia,Sejuani,Diana,Jayce,Maokai,Neeko,Kaisa,9391
Jayce,Evelynn,Yone,Varus,Galio,Gnar,Rengar,Ekko,Kaisa,Nautilus,5665
DrMundo,Vi,Orianna,MissFortune,Nautilus,Garen,LeeSin,Leblanc,Caitlyn,Janna,8416
DrMundo,JarvanIV,Galio,MissFortune,Morgana,Malphite,Brand,TwistedFate,Sivir,Lulu,7667
Tristana,MasterYi,Qiyana,LeeSin,Velkoz,Irelia,Jhin,Nidalee,Alistar,Nautilus,-2116
Morgana,Maokai,Samira,Pyke,Jhin,Hwei,Smolder,Zoe,Khazix,Rakan,7181
Nami,Zoe,TwistedFate,Graves,Malphite,Mordekaiser,Urgot,Tristana,Teemo,Nautilus,-2376
DrMundo,Shaco,Malzahar,MissFortune,Yuumi,Garen,Brand,Viktor,KogMaw,Morgana,7161
Sylas,Vi,Talon,Kaisa,Karma,DrMundo,Briar,Vex,Lucian,Nami,-1827
Garen,Hecarim,AurelionSol,MissFortune,Soraka,DrMundo,Viego,Hwei,Jhin,Pyke,-4169
DrMundo,Zac,Yasuo,Varus,Lux,Ornn,Warwick,Smolder,Tristana,Karma,9108
Ezreal,Rammus,Yasuo,Smolder,Rumble,DrMundo,Shyvana,Diana,Samira,Blitzcrank,-11649
Teemo,Viego,Galio,Caitlyn,Janna,DrMundo,Warwick,Malzahar,Xayah,Blitzcrank,13939
Darius,Skarner,Zed,Jinx,Lux,DrMundo,Shaco,Veigar,Draven,Lulu,-5979
Varus,Zilean,Vayne,Sejuani,Veigar,MissFortune,Jhin,Poppy,Maokai,Lulu,-3808
Sylas,LeeSin,Talon,Ziggs,Senna,DrMundo,Maokai,Kennen,Jinx,Braum,5793
DrMundo,Evelynn,Malzahar,AurelionSol,Nidalee,TahmKench,Kayn,Ahri,Draven,Soraka,3185
Garen,Mordekaiser,Malzahar,Ezreal,Zyra,DrMundo,Amumu,Kassadin,Caitlyn,Brand,-11068
Renekton,Diana,Yasuo,Jhin,Lux,Mordekaiser,Kayn,Akali,Vayne,Blitzcrank,-12816
Sejuani,Kaisa,MissFortune,Renekton,Vi,Hwei,Ziggs,MonkeyKing,Amumu,Sivir,-58
Veigar,Vayne,Jinx,Qiyana,Rammus,Bard,Caitlyn,Malzahar,Alistar,Senna,-2856
Azir,Amumu,Teemo,Samira,Malphite,LeeSin,Hwei,Kayle,Renekton,Varus,4084
Thresh,Varus,Zoe,Malphite,Aphelios,KogMaw,Lux,Viego,Darius,Leblanc,6362
Pantheon,Ekko,Katarina,MissFortune,Renata,Teemo,Lillia,Irelia,Vayne,Alistar,-9260
Malphite,Viego,Akshan,KogMaw,Yuumi,Aatrox,LeeSin,Katarina,Sivir,Thresh,-10032
Malphite,Viego,Galio,Jinx,Milio,DrMundo,Graves,Ryze,Maokai,Samira,10477
Nami,Brand,Renekton,Kayn,Varus,Galio,Vayne,Milio,Viego,Malphite,-4629
Tristana,Galio,Shyvana,Chogath,Warwick,Bard,Urgot,JarvanIV,Caitlyn,MonkeyKing,-6829
Irelia,XinZhao,Galio,Nilah,Alistar,Swain,Lillia,Taliyah,Draven,Pyke,-12043
Fiora,MasterYi,Ahri,Vayne,Thresh,Renekton,Galio,Vi,Kaisa,Nautilus,6124
TahmKench,Viego,Zoe,Lucian,Janna,Garen,Evelynn,Leblanc,Kalista,Thresh,-9882
Zac,Samira,Pyke,Diana,Nasus,Zeri,Ahri,Yuumi,Illaoi,Jinx,-9753
Skarner,Veigar,Qiyana,Leona,Tristana,Thresh,Smolder,Janna,Nami,Jax,-9686
Nautilus,Blitzcrank,Pantheon,Caitlyn,Sylas,Maokai,Sivir,Varus,Seraphine,Katarina,-1192
Pantheon,Senna,Renata,Shen,Nocturne,LeeSin,Blitzcrank,Ezreal,Taliyah,Veigar,5645
Janna,Vayne,Zeri,Velkoz,Pyke,Veigar,Samira,Kayle,Mordekaiser,Jhin,4976
Viego,Sylas,Senna,Zoe,KogMaw,Leblanc,TwistedFate,Rell,Irelia,Gangplank,6189
Akali,Nidalee,MasterYi,Renekton,Quinn,Jhin,Lucian,Corki,LeeSin,Warwick,-3106
Sett,Twitch,Teemo,Akshan,Renata,DrMundo,Amumu,Yasuo,MissFortune,Nautilus,7782
Yorick,JarvanIV,Rammus,Ashe,Rumble,DrMundo,FiddleSticks,Yone,Jinx,Braum,11374
Shen,Zac,Zoe,Jinx,Lulu,Viktor,Khazix,Jhin,Yone,Blitzcrank,-12312
Trundle,Viego,Galio,MissFortune,Thresh,XinZhao,Volibear,Smolder,Jhin,Karma,-12024
Kennen,JarvanIV,Tristana,Ashe,Hwei,Galio,Jayce,Nunu,KogMaw,Maokai,134
Soraka,Yasuo,Shen,Nilah,Fizz,Sejuani,Elise,Olaf,Twitch,Morgana,6205
AurelionSol,DrMundo,XinZhao,Zyra,Azir,Udyr,Aphelios,Poppy,Draven,Ahri,-3392
Lulu,TahmKench,Varus,Malphite,Malzahar,MissFortune,Udyr,Smolder,Ivern,Leona,-5933
Mordekaiser,Pantheon,Lucian,Smolder,Brand,Vayne,Ivern,Galio,Samira,Maokai,-7386
Teemo,Rengar,Sylas,Caitlyn,Thresh,Samira,Nunu,Galio,Ornn,Nautilus,-8592
Garen,Lillia,Yasuo,Caitlyn,Senna,Kayle,Belveth,Qiyana,Jhin,Thresh,11746
Urgot,MasterYi,Talon,Draven,Thresh,Sion,Lillia,Ahri,Caitlyn,Brand,13377
Karma,Evelynn,Azir,MissFortune,Leona,Nasus,MonkeyKing,Katarina,Tristana,Seraphine,8318
MonkeyKing,Viego,Katarina,Veigar,Rell,Quinn,Rammus,Fizz,Aphelios,Brand,-12077
Camille,Karthus,Brand,Jinx,Thresh,Sion,JarvanIV,Kassadin,Caitlyn,Rumble,15364
Camille,Karthus,Brand,Caitlyn,Janna,Shen,XinZhao,Malzahar,Jinx,Leona,11860
Camille,Karthus,Yasuo,Twitch,Senna,Mordekaiser,Zac,Kassadin,Lucian,Thresh,-3458
Renekton,Khazix,Seraphine,Draven,Ashe,Camille,Rammus,Tristana,Jhin,Teemo,-3062
Camille,Karthus,Kaisa,Jhin,Galio,Rumble,Amumu,Yasuo,Ashe,Blitzcrank,-10224
Camille,Karthus,Lux,Ashe,Blitzcrank,Volibear,LeeSin,Brand,Corki,Senna,117
KSante,Briar,Malzahar,Jhin,Bard,Aatrox,Karthus,Ekko,Caitlyn,Blitzcrank,8788
Camille,Karthus,Corki,Caitlyn,Sion,Urgot,Graves,Zed,Hwei,Seraphine,-424
Ornn,JarvanIV,Karthus,Jinx,Sona,DrMundo,Brand,Yone,Varus,Bard,-4761
Zac,Sett,Karma,MissFortune,Taliyah,Volibear,Viego,Corki,Yasuo,Pyke,-14172
Teemo,XinZhao,Azir,Aphelios,Soraka,Olaf,LeeSin,Taliyah,Caitlyn,Pyke,-6483
Teemo,Karthus,Yasuo,Vayne,Hwei,Mordekaiser,Viego,Vex,Samira,Nami,-12147
Mordekaiser,Zed,Vex,Jhin,Shaco,Belveth,Skarner,Pantheon,Caitlyn,Morgana,7816
Camille,Skarner,AurelionSol,Jhin,Thresh,Gnar,Karthus,Taliyah,Jinx,Rell,-6807
Camille,Karthus,Zed,Samira,Thresh,Yorick,Graves,Sylas,Corki,Seraphine,2275
Camille,Karthus,Vladimir,Sivir,TahmKench,Darius,Viego,Hwei,Smolder,Soraka,8219
Camille,Karthus,Ryze,Xayah,TahmKench,DrMundo,Diana,Zed,Jinx,Leona,10531
Yorick,Evelynn,Vex,Jinx,TahmKench,Zed,Karthus,Brand,Caitlyn,Nautilus,4950
Nunu,Illaoi,Pantheon,Lucian,Nami,Garen,Karthus,Katarina,Caitlyn,Senna,8027
Yorick,Karthus,Ahri,Ashe,Leona,Irelia,Jax,Katarina,Jhin,Lux,-14167
Camille,Rammus,Hwei,Jhin,Zyra,Vayne,Viego,Lux,Jinx,Senna,8094
Kayle,Belveth,Gragas,Tristana,Thresh,Camille,Karthus,Leblanc,Vayne,Seraphine,-15558
Camille,Karthus,Ziggs,Jhin,Leona,Malphite,Tryndamere,Brand,MissFortune,Morgana,-155
Skarner,Karthus,Kled,Samira,Pyke,Darius,Evelynn,Veigar,Ezreal,Leona,4856
Skarner,Rammus,Irelia,Vayne,Lux,Camille,Karthus,Yasuo,MissFortune,Yuumi,-10903
Yone,Kayn,Ekko,Kaisa,Thresh,Camille,Rammus,Brand,Caitlyn,Zilean,7443
Camille,Rammus,Malzahar,Tristana,Maokai,Garen,Nocturne,AurelionSol,MissFortune,Ashe,-9390
Pantheon,Rammus,Yasuo,MissFortune,Rumble,Camille,Skarner,AurelionSol,Kaisa,Karma,8815
Chogath,Amumu,Zilean,Caitlyn,Janna,Mordekaiser,Skarner,Ahri,Twitch,Lux,0
Garen,Brand,Ahri,Caitlyn,Lux,Camille,Zac,Malzahar,Ezreal,Ivern,3769
Garen,Vi,Ahri,Ashe,Teemo,Kayle,Kindred,Akali,Jhin,Gragas,9833
Darius,Karthus,Heimerdinger,KogMaw,Lulu,Volibear,Zac,Lucian,Caitlyn,Janna,-5429
Mordekaiser,LeeSin,Irelia,Caitlyn,Lux,Skarner,Karthus,Zed,Ashe,Thresh,-4941
Camille,Kayn,Morgana,Jinx,Lux,Skarner,Graves,Gangplank,Ezreal,Neeko,6543
Hwei,Caitlyn,Briar,Akali,Mordekaiser,Caitlyn,Lux,Nocturne,Garen,Milio,18515
Quinn,Nautilus,XinZhao,Talon,Gangplank,Varus,Irelia,Volibear,Garen,Ashe,23430
Kled,Warwick,Lux,KogMaw,Skarner,Sett,Lillia,Talon,Jhin,Brand,7366
Camille,XinZhao,Veigar,Jhin,Janna,Urgot,Briar,Ahri,Caitlyn,Lux,11505
Garen,Shaco,Leblanc,Draven,Swain,Darius,Khazix,Katarina,Jhin,Leona,4733
RekSai,Skarner,Varus,Ashe,Shen,Camille,XinZhao,Zed,Sivir,Karma,7730
Yorick,Warwick,Taliyah,Twitch,Zac,Camille,Karthus,Ahri,Ashe,Shaco,7278
Olaf,Gragas,Sylas,MissFortune,Annie,Quinn,Vi,Xerath,Lucian,Lux,-11274
Sion,Karthus,Vayne,Yasuo,Lux,Camille,Volibear,Pantheon,Jhin,Zilean,-7795
Kayle,Sejuani,Seraphine,Draven,Morgana,Darius,Khazix,Cassiopeia,Jhin,Braum,-12461
Garen,Lillia,Yasuo,Samira,Pyke,Camille,Kayn,Ahri,Kaisa,Poppy,13615
Sett,Pantheon,Veigar,Jhin,Nami,Shen,Kayn,AurelionSol,Draven,Thresh,-13863
Garen,Lillia,Hwei,Jhin,Morgana,Yasuo,Karthus,Veigar,Kaisa,Rakan,11007
Pantheon,Khazix,Viktor,Smolder,Orianna,Darius,Amumu,Fizz,Samira,Blitzcrank,6720
Sion,Nocturne,Hwei,Jhin,Renata,Sett,Karthus,Kaisa,Samira,Nautilus,-16962
Darius,Shaco,Ahri,Lucian,Nami,Sett,Trundle,Veigar,KogMaw,Leona,10336
Shen,Volibear,Caitlyn,Samira,Brand,Teemo,Morgana,Ryze,Aphelios,Alistar,-861
Teemo,Ekko,Malzahar,Jhin,Alistar,Sion,Zac,Zed,Lucian,Lux,-13031
TahmKench,Viego,Viktor,Jhin,Seraphine,Riven,Rammus,Veigar,Caitlyn,Sona,-8144
Sion,Nocturne,Ahri,Xayah,Sona,Gwen,Briar,Yone,Caitlyn,Thresh,-4560
Malphite,Briar,Ahri,Caitlyn,Zilean,Teemo,Udyr,Sylas,Varus,Soraka,8124
Riven,Nocturne,Yasuo,MissFortune,Swain,Tryndamere,Khazix,Cassiopeia,Ahri,Seraphine,9466
Singed,Karthus,Ahri,Nilah,Sona,Jax,Nunu,Ekko,Jinx,Velkoz,657
Illaoi,Rengar,Sylas,Draven,Maokai,Aatrox,Lillia,Veigar,Ashe,Senna,-8265
Shen,Trundle,Ahri,Jhin,Hwei,Darius,Skarner,Kassadin,Kaisa,Morgana,-2448
Sett,Skarner,Ahri,Caitlyn,Pyke,Garen,Amumu,Cassiopeia,Jhin,Morgana,-8477
Olaf,Amumu,Ahri,Jhin,Morgana,Riven,LeeSin,Lux,Twitch,Nami,-9057
Smolder,Kayn,Sett,Caitlyn,Veigar,Garen,Diana,Viego,Karthus,Poppy,-11346
Kennen,Amumu,Malphite,Draven,Soraka,Yorick,Ekko,Kayle,Senna,Thresh,20752
Yorick,Diana,Yasuo,Lucian,Nami,Irelia,Vi,Fizz,Caitlyn,Morgana,-11204
Renekton,MasterYi,Viktor,Vayne,Lux,Yorick,Lucian,Ahri,Briar,Morgana,-8312
Rumble,Poppy,Ahri,Jinx,Ashe,Gangplank,Warwick,Lissandra,MissFortune,Skarner,-11624
Illaoi,Nocturne,AurelionSol,KogMaw,Bard,Trundle,MasterYi,Ahri,Kaisa,Leona,-7889
Malphite,DrMundo,Ahri,Caitlyn,Heimerdinger,Yorick,Vi,Varus,Kalista,Skarner,6659
Camille,Kayn,Malzahar,Twitch,Yuumi,Illaoi,Skarner,Ahri,Draven,Pantheon,-15936
Tryndamere,Vi,Velkoz,Ashe,Lux,Yorick,Amumu,Ahri,Lucian,Pyke,-14858
Tryndamere,MasterYi,Vladimir,Vayne,Zilean,Garen,Amumu,Ahri,Ziggs,Zyra,7908
Darius,Chogath,Zed,Draven,Hwei,Tryndamere,Viego,Ahri,Senna,Soraka,8882
Malphite,Graves,Veigar,MissFortune,Nautilus,Vayne,Kindred,Ahri,Lucian,Thresh,-8874
Yone,MasterYi,Xerath,Senna,Nautilus,Chogath,Kayn,Ahri,Caitlyn,Anivia,-5977
Trundle,JarvanIV,Yasuo,Ziggs,Zyra,TahmKench,Udyr,Ahri,Lucian,Brand,-5192
Kayle,Nunu,Veigar,Jhin,Shaco,Nautilus,Nocturne,Ahri,KogMaw,Morgana,-6832
Malphite,Udyr,Ahri,Caitlyn,Lux,Kayle,Rengar,Viktor,Kaisa,Yuumi,6454
Heimerdinger,XinZhao,Gragas,Jhin,Teemo,Poppy,Zed,Ahri,Ashe,Renata,7682
Rumble,Udyr,Kalista,Ashe,Nautilus,Sett,Zed,Sylas,Tristana,Pyke,-16458
Poppy,Evelynn,Ahri,Kayle,Shaco,Trundle,Chogath,Ezreal,KogMaw,Nami,4672
Nasus,Viego,Hwei,Caitlyn,TahmKench,Illaoi,Elise,Brand,Ashe,Maokai,9710
Trundle,Sejuani,Veigar,Vayne,Lux,Urgot,LeeSin,Skarner,Ashe,Hwei,9776
Yasuo,Belveth,AurelionSol,Lucian,Nami,KSante,Lillia,Viego,Aphelios,Yuumi,8364
Mordekaiser,Amumu,Katarina,RekSai,Yasuo,Varus,TwistedFate,Nocturne,Akali,Soraka,22056
Nasus,Naafiri,Veigar,Tristana,Lux,Garen,Briar,Akali,Kaisa,Alistar,9775
KSante,Nunu,Diana,Jhin,Blitzcrank,Mordekaiser,LeeSin,Malphite,Twitch,Seraphine,3691
Garen,Viego,Annie,Twitch,Lux,Darius,Lillia,Diana,Sivir,Brand,-8214
Garen,Kayn,AurelionSol,Jhin,Poppy,DrMundo,Brand,Annie,Samira,Lux,11846
Garen,Kayn,Sylas,Aphelios,Lux,Yone,Viego,Azir,Jhin,TahmKench,-9165
Pantheon,Ivern,Katarina,Samira,Nautilus,Renekton,Poppy,Swain,Ashe,Janna,9431
Jax,Nocturne,Nasus,MissFortune,Zyra,Sylas,Briar,Yone,Aphelios,Soraka,-4746
DrMundo,Viego,Ekko,Samira,Leona,Renekton,Karthus,Leblanc,Yasuo,Swain,7072
Tryndamere,Nidalee,Tristana,Aphelios,Karma,DrMundo,Ekko,Anivia,Jhin,Morgana,3631
Sion,Shyvana,Ekko,Samira,Nautilus,Sett,Viego,Sylas,Jhin,Bard,7575
Aatrox,JarvanIV,Ryze,Varus,Shaco,Fiora,Lillia,Riven,Aphelios,Morgana,8307
KSante,Briar,Anivia,Aphelios,Twitch,Yasuo,Diana,Vex,Xayah,Lux,-4733
Trundle,Zac,Galio,Jinx,Senna,DrMundo,Nocturne,Malzahar,MissFortune,Camille,7869
Jinx,XinZhao,Malzahar,Jayce,Senna,Darius,Viego,Rumble,Smolder,Xerath,-9376
Aatrox,Udyr,Lissandra,Samira,Taric,Kled,MasterYi,Veigar,Xayah,Teemo,11509
Teemo,Brand,Fizz,Samira,Leona,Garen,Khazix,Kassadin,Jinx,Taric,9321
Darius,Briar,Brand,Jhin,Sona,Gragas,Khazix,Samira,Illaoi,Thresh,14622
Garen,LeeSin,Akali,Aphelios,Brand,Teemo,Warwick,Kassadin,Samira,Thresh,-9959
Chogath,LeeSin,Tristana,Jinx,Nami,DrMundo,Zac,Akali,Samira,Anivia,-8000
Akali,Amumu,Veigar,Jinx,Blitzcrank,DrMundo,XinZhao,Orianna,Kaisa,Lux,8423
Trundle,Karthus,Yasuo,Jhin,Senna,Camille,Amumu,AurelionSol,Veigar,Lux,42
Darius,Vi,Fizz,Ashe,Karma,TahmKench,Udyr,Yasuo,Jinx,Zyra,8906
Brand,Evelynn,Akshan,Kaisa,Janna,DrMundo,Jax,Sylas,Zeri,Zilean,-9316
TahmKench,JarvanIV,Annie,Samira,Leona,Kayle,Graves,Veigar,Draven,Rumble,-7505
Gwen,Nidalee,Sylas,Jinx,Viego,Trundle,Udyr,Hwei,Samira,Alistar,-3553
Sona,MasterYi,Yasuo,Aphelios,Morgana,Aatrox,Graves,Karma,KogMaw,Blitzcrank,-13939
Shen,Diana,Veigar,Jinx,Soraka,Volibear,Evelynn,Yone,KogMaw,Seraphine,-8535
Shyvana,Vi,Zed,Jinx,Braum,Fiora,Jax,Cassiopeia,Smolder,Lux,-11694
Teemo,Lillia,Lux,Samira,Nautilus,Irelia,Kindred,Katarina,Draven,Zac,5236
Yorick,JarvanIV,Ziggs,Jinx,Janna,Malphite,MasterYi,Veigar,Ezreal,Sona,7707
Camille,Lillia,Diana,Kaisa,Sona,TahmKench,Briar,Xerath,Jinx,Lulu,7303
DrMundo,Skarner,Zed,Jinx,Nami,Gwen,Kayn,Orianna,AurelionSol,Galio,9339
Camille,Yorick,Caitlyn,Jhin,Velkoz,Aatrox,Briar,AurelionSol,MissFortune,Thresh,7376
Tryndamere,Brand,Anivia,Kalista,Braum,Nasus,Rengar,Elise,Caitlyn,Nautilus,-7734
Urgot,Viego,Azir,Tristana,Nautilus,Quinn,XinZhao,Veigar,Caitlyn,Xerath,-8105
Garen,MasterYi,Neeko,MissFortune,Swain,Gragas,Vi,Ahri,Caitlyn,Yuumi,10634
Quinn,Lillia,Soraka,Caitlyn,Poppy,XinZhao,Shaco,Hwei,Tristana,Morgana,8144
Tristana,Kindred,Ahri,Nasus,Alistar,Gwen,Ekko,Akshan,Caitlyn,Milio,-15038
Yasuo,Diana,Taliyah,Caitlyn,Lulu,Urgot,Belveth,Lux,Samira,Singed,7236
Vayne,Warwick,Nasus,Caitlyn,Bard,Irelia,MasterYi,Gragas,Jhin,Seraphine,-13069
Garen,Brand,Qiyana,Caitlyn,Nautilus,Darius,Taliyah,Tristana,Ezreal,Poppy,11754
Vladimir,Amumu,Ahri,Jhin,Seraphine,Kayle,Evelynn,AurelionSol,Caitlyn,Camille,-18780
DrMundo,LeeSin,Fizz,AurelionSol,Ashe,Teemo,RekSai,Tristana,Karthus,Nautilus,-1257
DrMundo,Jax,Veigar,Caitlyn,Nami,Mordekaiser,XinZhao,Zed,Jhin,Swain,5831
Mordekaiser,Amumu,Cassiopeia,Jhin,Anivia,Aatrox,Brand,Akshan,Ezreal,Swain,-12136
Lillia,Viego,AurelionSol,Jinx,Braum,Sett,Zac,Ahri,Caitlyn,Brand,-11122
Sett,Teemo,Ahri,KogMaw,Janna,Yorick,Kindred,Orianna,Aphelios,Soraka,-11631
Yorick,Amumu,Orianna,Lucian,Braum,Illaoi,Sejuani,Heimerdinger,Ezreal,Brand,11512
Fiora,Volibear,Sylas,Tristana,Thresh,Nasus,Amumu,XinZhao,Caitlyn,Lux,-9284
Malzahar,MonkeyKing,Kayle,Yasuo,Xerath,Rell,Belveth,TwistedFate,Morgana,Darius,-6774
Thresh,Zyra,Udyr,Tryndamere,Maokai,Brand,Viego,Ahri,Draven,Alistar,-9116
TwistedFate,DrMundo,Kled,TahmKench,Fizz,Tristana,Aphelios,KogMaw,Yorick,LeeSin,-6503
TahmKench,Quinn,Twitch,Pantheon,Veigar,Zoe,Brand,Viktor,Xayah,Gragas,-32
Khazix,Neeko,Taric,Velkoz,Anivia,Evelynn,Brand,Ryze,Karthus,Jayce,2046
Ornn,Vi,Malphite,Caitlyn,Thresh,Shen,Chogath,Malzahar,MissFortune,Brand,8712
Yone,Kayn,Katarina,Jhin,Thresh,Gragas,Kindred,Brand,KogMaw,Nami,10956
Illaoi,Nocturne,Nasus,Jhin,Nami,Heimerdinger,JarvanIV,Corki,Lucian,Milio,9161
Caitlyn,Amumu,Taliyah,Shen,Milio,Darius,Udyr,Veigar,Twitch,Teemo,89
Yone,Skarner,AurelionSol,Zeri,Karma,TahmKench,Morgana,Diana,Samira,LeeSin,10700
Teemo,Viego,Ahri,Jhin,Nami,Urgot,Rammus,Anivia,KogMaw,Brand,12429
Kennen,Viego,Syndra,Jhin,Seraphine,Sett,MasterYi,Fizz,Kaisa,Brand,-10801
Mordekaiser,Warwick,Sylas,Twitch,Malphite,Urgot,Briar,Garen,Varus,Brand,-15755
DrMundo,Zac,Yasuo,Caitlyn,Brand,Urgot,Khazix,Viktor,KogMaw,Lux,7954
Malphite,Graves,Katarina,Lucian,TahmKench,Irelia,Nunu,Sett,Caitlyn,Nami,10062
MonkeyKing,Gragas,Azir,Ashe,Seraphine,Kayle,Amumu,Renekton,Kaisa,Lulu,711
Sett,Nocturne,Chogath,Seraphine,Shaco,Malphite,Kindred,Fizz,Jhin,Nami,-11378
Illaoi,Shyvana,Viktor,Caitlyn,Milio,Tryndamere,Vi,Vex,Draven,Seraphine,-9612
Sett,Karthus,Yasuo,Aphelios,Milio,Urgot,Shaco,Galio,Tristana,Leona,-11190
Vayne,Amumu,Yuumi,Smolder,Milio,Nasus,Diana,Hwei,Draven,Thresh,-10529
Volibear,Kayn,Diana,Varus,Nami,Garen,Vi,Brand,Kaisa,Lulu,-11468
Trundle,Rumble,Zed,Kaisa,Lux,Fiora,Shen,Pantheon,Caitlyn,Milio,12841
Urgot,XinZhao,Brand,Lucian,Nami,Kayle,MasterYi,Diana,Kaisa,Alistar,9643
Cassiopeia,Neeko,Nocturne,TahmKench,Tryndamere,Lux,Zeri,Taliyah,Rumble,Senna,769
TwistedFate,Zyra,Tristana,Lucian,Nautilus,Camille,Jax,Lux,Kaisa,Milio,-16530
Chogath,Nidalee,Brand,Jinx,Pantheon,Shen,Volibear,Orianna,Ashe,Milio,11821
Renekton,Shyvana,Galio,Kalista,Velkoz,Chogath,Elise,Brand,Lucian,Ashe,-7376
Garen,Ivern,Chogath,Draven,Blitzcrank,Volibear,Kayn,Malzahar,Vayne,Nautilus,14317
Renekton,Belveth,Syndra,Aphelios,Morgana,Ornn,Elise,Smolder,Xayah,Nautilus,-10965
Jax,Vi,Lux,Brand,Nami,Riven,Evelynn,Ahri,Samira,Nautilus,9979
Galio,Kindred,Seraphine,Lucian,Milio,Rumble,Nocturne,Anivia,Ezreal,Sona,-10704
Teemo,Vi,Pantheon,Ashe,Soraka,Skarner,Elise,Lux,Jinx,Pyke,4986
Urgot,Lillia,Fizz,MissFortune,Zyra,TwistedFate,Nocturne,Lux,Ezreal,Sona,5301
Trundle,Nunu,AurelionSol,Vayne,Blitzcrank,Volibear,Kindred,Lux,Senna,TahmKench,-5645
Trundle,Sejuani,Sylas,MissFortune,Zyra,Cassiopeia,Nunu,AurelionSol,Draven,Thresh,3717
JarvanIV,Kayn,Ryze,Twitch,Orianna,Illaoi,Evelynn,Lux,Caitlyn,Leona,-7355
Garen,Belveth,Lux,Jhin,Swain,Mordekaiser,Nasus,Akali,Kindred,Amumu,7545
Nasus,Viego,Lux,Jhin,Blitzcrank,Gangplank,Brand,Kassadin,Smolder,Swain,-16
Trundle,XinZhao,Malzahar,Draven,Nautilus,Akali,Briar,Corki,Varus,Swain,-5379
Garen,Graves,Yasuo,Twitch,Bard,Renekton,XinZhao,Galio,Kaisa,Brand,-4224
Garen,MasterYi,Syndra,Ashe,Yuumi,Shen,Kayn,Heimerdinger,Aphelios,Bard,-8684
Yone,Warwick,Swain,MissFortune,Leona,Renekton,Briar,Malzahar,Ezreal,Bard,-11132
Riven,Amumu,Viktor,Lucian,Bard,Camille,LeeSin,Ekko,Vayne,Taric,-6890
Ornn,Rengar,Malzahar,Jhin,Bard,Mordekaiser,LeeSin,Syndra,Samira,Pyke,-7987
Malphite,Evelynn,Ekko,Jhin,Blitzcrank,Olaf,Trundle,Neeko,Ezreal,Bard,-8374
Riven,Belveth,Swain,Jhin,Bard,Urgot,JarvanIV,Vladimir,MissFortune,Morgana,3766
Renekton,Kayn,Ryze,Jhin,Thresh,Riven,Rengar,Akali,Vayne,Bard,40
Rumble,Karthus,Qiyana,Caitlyn,Bard,Trundle,Jax,Vladimir,Twitch,Nami,-14764
Riven,Hecarim,Malzahar,Jinx,Bard,Tryndamere,Lillia,Taliyah,Jhin,Senna,1077
Aatrox,Hecarim,Yone,Jinx,Zyra,Riven,Rengar,Annie,Samira,Bard,11996
Yone,Lillia,Veigar,Yasuo,Leona,Riven,Briar,Lux,Tristana,Bard,-11234
Gnar,Shaco,Azir,Morgana,Bard,Tryndamere,Caitlyn,Xerath,Twitch,Pyke,-9751
Yone,Ekko,Naafiri,MissFortune,Morgana,Urgot,Briar,Annie,Kaisa,Bard,-12986
Ornn,DrMundo,Heimerdinger,Samira,Neeko,Riven,Warwick,Zoe,Teemo,Bard,1366
Riven,Shaco,Zoe,MissFortune,Bard,Jax,Viego,Hwei,Twitch,Nami,-3000
Darius,Nunu,Ahri,MissFortune,Morgana,Kaisa,Warwick,Akali,Lucian,Bard,6431
Camille,FiddleSticks,Katarina,Ashe,Yuumi,Urgot,Vi,Sylas,Jinx,Bard,-6927
Riven,Kayn,TwistedFate,Caitlyn,Bard,Trundle,Nocturne,Veigar,Varus,Soraka,8941
Chogath,Shaco,Talon,Tristana,Bard,Darius,Kayn,Kassadin,Kaisa,Ahri,2123
Riven,Warwick,Veigar,Samira,Bard,Thresh,MasterYi,Ekko,Kaisa,Aatrox,-9858
Garen,Vi,Shyvana,Lucian,Morgana,Ornn,Evelynn,Yasuo,Ashe,Bard,19535
Illaoi,Viego,Veigar,Jinx,Maokai,Riven,Shaco,Yone,KogMaw,Bard,-2011
Olaf,Rammus,Ekko,Ashe,Morgana,Rengar,XinZhao,Bard,Varus,Thresh,-11173
Riven,Rammus,Azir,Katarina,Xerath,Urgot,Kayn,Karma,Zilean,Morgana,-8386
Riven,Warwick,Fizz,Jhin,Bard,Garen,Vi,Yasuo,Jinx,Shaco,-6936
Illaoi,Zac,Neeko,Varus,Bard,Yorick,LeeSin,Vex,MissFortune,Teemo,8413
Aatrox,Evelynn,Malzahar,Jinx,Janna,Riven,XinZhao,Akali,Samira,Bard,-2102
Darius,Nidalee,Qiyana,Kaisa,Bard,Vayne,Amumu,Akali,Samira,Brand,-3912
Nasus,MonkeyKing,Kayle,Caitlyn,Nami,Teemo,Shaco,Katarina,Ezreal,Bard,4851
Sion,Amumu,Anivia,Kaisa,Bard,Quinn,JarvanIV,Veigar,MissFortune,Morgana,11707
Darius,Rammus,Sylas,Caitlyn,Bard,Tryndamere,Lillia,Leblanc,Ashe,Nami,-11831
Tryndamere,Nunu,Bard,Kaisa,Karthus,Darius,Zac,Vladimir,Zeri,Senna,-10433
Jax,Volibear,Nasus,Varus,Pyke,Renekton,Nocturne,AurelionSol,Kaisa,Bard,-9202
Riven,MasterYi,Viktor,Ezreal,Bard,Mordekaiser,FiddleSticks,AurelionSol,Ashe,Leona,-7834
Cassiopeia,Rammus,Vex,Jhin,Morgana,Darius,Shaco,Ahri,Jinx,Pyke,-12567
Kayle,Graves,Azir,Akshan,Lux,Nasus,Vi,Akali,Jhin,Blitzcrank,-9316
Ornn,Vi,Ahri,MissFortune,Brand,Irelia,MasterYi,AurelionSol,Ashe,Velkoz,12287
Aatrox,Draven,Ahri,Zac,Sona,Akali,Viego,Malzahar,Nilah,Seraphine,8848
Garen,Diana,Malzahar,Draven,Yuumi,Sylas,Ivern,Jax,Caitlyn,Thresh,12287
Yorick,Khazix,Talon,Jhin,Zac,Sion,Evelynn,Garen,MissFortune,Nami,-14831
Teemo,Udyr,Akali,Lucian,Leona,Darius,Vi,Ahri,Caitlyn,Thresh,-11214
Vayne,Shaco,Azir,Senna,Rell,Renekton,LeeSin,Ziggs,MissFortune,Pantheon,-10062
Gnar,XinZhao,Irelia,Smolder,Lux,Tryndamere,Volibear,Yasuo,Ashe,Blitzcrank,7685
Malphite,Viego,Yasuo,Caitlyn,Lux,Mordekaiser,Shaco,Leblanc,Samira,Maokai,-4671
Kled,Vi,Garen,Caitlyn,Velkoz,Sett,Amumu,Brand,Jinx,Milio,-3865
Mordekaiser,Vi,Briar,Vayne,Brand,Sion,Elise,Tristana,Smolder,Blitzcrank,4555
Kayle,Vi,Zed,Ziggs,Brand,Vayne,Jax,Corki,Jhin,Nami,7058
Aatrox,Kayn,Malzahar,Sivir,Ashe,Gangplank,Vi,Galio,Jinx,Nautilus,11174
Ornn,FiddleSticks,Hwei,Draven,Thresh,Rumble,Shaco,Ahri,Samira,Leona,12870
Shen,Vi,Talon,MissFortune,Zyra,TahmKench,Shaco,Katarina,Twitch,Karma,-10321
Smolder,Vi,Yasuo,Lucian,Lux,Illaoi,Viego,Katarina,Vayne,Thresh,10432
DrMundo,Vi,Vex,Sivir,Thresh,Gwen,Briar,Corki,Lucian,Lux,-9232
Gnar,Vi,Orianna,Kaisa,Shaco,Smolder,Rumble,Malzahar,MissFortune,Seraphine,17007
MonkeyKing,Vi,Vex,Draven,Zyra,Renekton,Jax,Lux,Nilah,Nami,14183
Riven,Warwick,Vladimir,Ezreal,Nami,Volibear,Amumu,Taliyah,Sivir,Brand,13557
Camille,XinZhao,Fizz,Smolder,Bard,Malphite,Diana,Sion,Caitlyn,Velkoz,9273
Darius,Kayn,Malzahar,Samira,Rakan,Riven,Diana,Yasuo,Kaisa,Velkoz,-2980
Fiora,Belveth,Veigar,Jinx,Nautilus,Shen,Viego,Yone,Jhin,Lux,-8975
Trundle,Shaco,Yone,Draven,Yuumi,Vi,Viego,Yasuo,Veigar,Brand,-9914
Gwen,FiddleSticks,Lux,Caitlyn,Brand,Ornn,Shaco,Fizz,Aphelios,Janna,6271
Maokai,Shaco,Ahri,MissFortune,Braum,Caitlyn,Ekko,Fizz,Heimerdinger,Poppy,13722
Ornn,Vi,Fizz,Jinx,Pantheon,Yone,Shyvana,Irelia,Ezreal,Shaco,5548
Garen,Shaco,Syndra,Caitlyn,Sivir,Mordekaiser,Jax,Fizz,Jinx,Brand,-8579
Camille,Shaco,Hwei,KogMaw,Neeko,Renekton,Brand,Akshan,Twitch,Yuumi,4721
Shen,Briar,Akali,Caitlyn,Lux,DrMundo,Shaco,TwistedFate,Kaisa,Bard,-4032
Kled,Malphite,Kayle,MissFortune,Zilean,Nasus,Kindred,Lissandra,Caitlyn,Ashe,9313
Teemo,Brand,Urgot,Lucian,Leona,Yorick,Vi,Ashe,Caitlyn,Braum,-11652
Azir,Nocturne,Zed,Lucian,Rumble,Teemo,Vi,Malphite,MissFortune,Sona,-322
Gangplank,Jax,Kayle,Jhin,Lux,Mordekaiser,Tryndamere,Malphite,Jinx,Sona,15436
Pantheon,Poppy,Ekko,Ashe,Lux,Sion,Skarner,Diana,Sivir,Soraka,-10166
Tryndamere,Ivern,Kayle,Jinx,Teemo,Nasus,Brand,Malphite,Samira,Pantheon,9245
Gwen,Viego,Kled,Draven,Seraphine,Ryze,Mordekaiser,Yorick,Samira,Nautilus,-13054
Renekton,XinZhao,AurelionSol,Jinx,Sona,Kayle,Vi,Yasuo,MissFortune,Pyke,2014
Kayle,Nocturne,Yasuo,Vayne,Veigar,Camille,Diana,Brand,Jinx,Leona,-10643
Gnar,FiddleSticks,Yasuo,Caitlyn,Lux,Sett,Vi,Akali,Aphelios,Nami,13960
DrMundo,Brand,Irelia,MissFortune,Xerath,Kayle,Pantheon,AurelionSol,Xayah,Rakan,14536
Olaf,Pantheon,Veigar,Jhin,Shaco,Leona,Briar,Ahri,Vayne,Rell,2875
Akali,Vi,Yorick,Smolder,Alistar,Sett,Kindred,Ahri,MissFortune,Sona,-4524
Aatrox,Viego,Corki,Jinx,Lulu,Sett,Vi,Diana,MissFortune,Ashe,-9202
Kayle,Vi,Ziggs,Draven,Nami,Pantheon,Malphite,Ryze,Ashe,Lucian,6564
Illaoi,Vi,Fizz,Jhin,Lux,Darius,Rengar,Gangplank,Seraphine,Pyke,3215
Fiora,Warwick,Viktor,Jinx,Xerath,Akali,Vi,Malzahar,Sivir,Janna,-3862
KSante,Poppy,Brand,Seraphine,Ashe,Gwen,Vi,Galio,Jhin,Thresh,5184
Jayce,XinZhao,Diana,Jhin,Ekko,Darius,Nidalee,Orianna,Lucian,Karma,-10618
Jayce,Diana,Lulu,Caitlyn,Nocturne,Smolder,RekSai,Irelia,Jinx,Zyra,4687
TahmKench,Jax,Morgana,Caitlyn,Soraka,Jayce,Kindred,Diana,Jinx,Lulu,-5065
Nasus,Volibear,Brand,Kaisa,Morgana,Mordekaiser,Kindred,Ahri,Caitlyn,Zilean,7351
Sett,Volibear,Nunu,Kaisa,Shen,Nasus,Velkoz,Ahri,Caitlyn,Lux,-8042
Lillia,Volibear,Diana,Caitlyn,Morgana,Urgot,Amumu,Shen,Jinx,Seraphine,1901
Mordekaiser,Kayn,Yone,MissFortune,Yuumi,Kayle,Diana,Annie,Smolder,Neeko,-6646
Illaoi,Nidalee,Diana,Yasuo,Rakan,DrMundo,Nunu,Renekton,MissFortune,Lux,-9565
Kayn,Sylas,Yone,Draven,Nautilus,Gwen,Amumu,Diana,MissFortune,Zilean,-8925
Urgot,Kayn,Diana,Tristana,Lulu,Poppy,Nocturne,Orianna,Ezreal,Soraka,-10173
Riven,Orianna,Diana,Smolder,Shaco,Gangplank,Belveth,Twitch,Caitlyn,Lux,2104
Olaf,Shaco,Lissandra,Samira,Leona,Quinn,Maokai,Diana,Ezreal,Taliyah,-480
Trundle,JarvanIV,Yasuo,Varus,Shen,Sett,Viego,Yone,KogMaw,Sona,-17093
Garen,Warwick,Diana,Jinx,Zyra,Darius,Gwen,Vex,KogMaw,Nami,-8801
Yorick,Naafiri,Hwei,Varus,Janna,Quinn,Brand,Zac,Tristana,Renata,-8537
KSante,Graves,Yone,Tristana,Nautilus,Kayle,Vi,Ekko,Jhin,Ashe,-2435
Camille,Fizz,Malzahar,Ashe,Nautilus,Gnar,JarvanIV,Naafiri,Varus,Velkoz,-10974
Jayce,Diana,Sylas,Jhin,Xerath,Syndra,Viego,Zed,Aphelios,Blitzcrank,-7607
Yasuo,Ekko,Kassadin,Smolder,Pyke,Jax,Amumu,Diana,Jinx,Gragas,-11483
Warwick,Diana,Shen,MissFortune,Renata,Udyr,Nocturne,Syndra,Zilean,Caitlyn,-11143
Kayle,Nocturne,Zoe,Varus,Morgana,Camille,Skarner,Yone,Aphelios,Karma,-35
Yone,Hecarim,Diana,Neeko,Caitlyn,Twitch,Warwick,Vex,Kalista,Camille,-8913
Volibear,Darius,Diana,Seraphine,Neeko,Kennen,Kayn,Irelia,Aphelios,Karma,8150
Mordekaiser,Shyvana,Yasuo,KogMaw,Taric,Aatrox,JarvanIV,Diana,Ashe,Annie,10079
Mordekaiser,MissFortune,Talon,Diana,Amumu,Tryndamere,Viego,Khazix,Lucian,Velkoz,5497
Camille,Kayn,Garen,Jhin,Swain,Illaoi,Amumu,Lux,MissFortune,Brand,13664
Chogath,Trundle,Jhin,MissFortune,Brand,Senna,Skarner,Lux,Tristana,Zyra,-11894
Quinn,Rammus,Naafiri,Caitlyn,Lux,Malphite,Shaco,Nami,Lucian,Ahri,-5173
Darius,Lillia,Ryze,MissFortune,Lux,Aatrox,Graves,Diana,Sivir,Velkoz,16234
Urgot,Lillia,Vex,Kaisa,Nami,Aatrox,Shyvana,Diana,Varus,Morgana,-8892
Kayle,LeeSin,Yasuo,Twitch,Blitzcrank,Aatrox,Diana,Darius,Jhin,Lux,-9987
Mordekaiser,Shyvana,Diana,Yasuo,Alistar,Warwick,Skarner,Lux,Trundle,Anivia,-6684
Aatrox,Kayn,Diana,KogMaw,Sion,Zilean,Evelynn,Qiyana,Ezreal,Teemo,15803
Darius,Sejuani,TwistedFate,Caitlyn,Renata,Nasus,Diana,Olaf,Jinx,Brand,9939
Chogath,Shyvana,Talon,Jhin,Nautilus,Nasus,Amumu,Vi,Caitlyn,Lux,1752
Gwen,Volibear,Hwei,Varus,Yuumi,Sion,Kayn,Pantheon,Nilah,Lux,10069
DrMundo,Kindred,Twitch,KogMaw,Lux,Gwen,Teemo,Diana,Smolder,Caitlyn,9999
Sion,Ekko,Diana,Jhin,Zyra,Skarner,MonkeyKing,Veigar,Smolder,Xerath,8496
Ornn,Warwick,Diana,Ezreal,Karma,Pantheon,Skarner,Fizz,Jhin,Blitzcrank,-7694
Aatrox,Diana,Sion,MissFortune,Ashe,Akali,Udyr,Corki,Jinx,Taric,-9505
Kennen,Vi,Yone,Jinx,Zyra,Jax,Nocturne,Diana,MissFortune,TahmKench,-7943
Renekton,Viego,Hwei,Smolder,Xerath,Kayle,Brand,Talon,Draven,Blitzcrank,-6476
Riven,Karthus,Lux,Tristana,Zilean,Poppy,Sejuani,Yasuo,Jhin,Bard,-11992
Kled,LeeSin,Ahri,Smolder,Morgana,Illaoi,Elise,Yasuo,Varus,Maokai,-8727
Rumble,Rengar,Qiyana,Twitch,Amumu,Garen,MasterYi,Teemo,Tristana,Swain,-14136
Sett,Udyr,Taliyah,Hwei,Yuumi,Mordekaiser,Tryndamere,Yone,Jhin,Ashe,11470
Teemo,Amumu,Ahri,Yone,Yasuo,Pantheon,Udyr,Zyra,Ashe,Senna,5744
Irelia,Warwick,Sylas,Tristana,Blitzcrank,Jax,Khazix,Naafiri,MissFortune,Morgana,10061
Olaf,Twitch,Veigar,Samira,Hwei,Gragas,XinZhao,Orianna,Caitlyn,Lux,-6678
Jax,Amumu,Viktor,Jhin,Yuumi,Teemo,MasterYi,Yasuo,Ashe,Lux,5087
Jax,Amumu,Corki,Jhin,Lulu,Ornn,Brand,Malzahar,Lucian,Lux,-11040
Lissandra,Nasus,Jhin,Shaco,Nidalee,Bard,Vi,Blitzcrank,MissFortune,Sion,-9254
Darius,Morgana,Katarina,Twitch,Nautilus,Sett,Evelynn,Viktor,MissFortune,Lux,-11552
Malphite,XinZhao,Ashe,Orianna,Chogath,Kayle,Belveth,Fizz,Twitch,Zyra,1101
Sett,Karthus,Talon,Twitch,Pyke,TahmKench,Elise,Yone,Sivir,Galio,8929
Singed,Ekko,Galio,Twitch,Nautilus,Zac,Skarner,Akali,KogMaw,Brand,4239
Vayne,MasterYi,Katarina,Twitch,Rumble,Illaoi,Amumu,Lux,Jinx,Nami,17837
Zac,Sejuani,Swain,Twitch,Zyra,Aatrox,Ekko,Diana,Jinx,Blitzcrank,5551
Illaoi,Nidalee,AurelionSol,Sivir,Lux,Gwen,Rengar,Brand,Ashe,Sona,-8037
DrMundo,MasterYi,Zed,Twitch,Morgana,Darius,Seraphine,Brand,Jinx,Sona,7831
Aatrox,Seraphine,Yasuo,Twitch,Yuumi,Teemo,Nocturne,Brand,Draven,Leona,6339
Kled,Viego,Lux,Jinx,Brand,TahmKench,Jax,Zyra,Jhin,Leona,-6977
Tryndamere,Volibear,Azir,Jhin,Brand,Nasus,MasterYi,Veigar,Twitch,Zyra,-5
Veigar,XinZhao,Hwei,Twitch,Nami,Yone,Darius,Sylas,Samira,Seraphine,5894
DrMundo,Elise,Akali,Samira,Rakan,KSante,LeeSin,Viktor,Ashe,Pantheon,-12850
Malphite,LeeSin,Galio,Kalista,Seraphine,Chogath,Briar,Hwei,Caitlyn,Pyke,-9967
Sett,Ahri,Ivern,Ornn,Senna,Poppy,MonkeyKing,Corki,Brand,Ashe,-12082
Darius,Elise,Ahri,Kalista,Senna,Karma,Maokai,Lux,Kaisa,Brand,15579
Nasus,Karthus,Hwei,Ezreal,Thresh,Sion,Diana,Veigar,Zeri,Seraphine,-8369
Syndra,Renata,Sion,Kalista,Kayn,DrMundo,Ashe,Taric,Volibear,Galio,-6328
Rell,Amumu,Illaoi,Ziggs,Vayne,Syndra,Senna,Kayle,Ornn,XinZhao,-5154
Skarner,Heimerdinger,Garen,Galio,Jinx,Syndra,Senna,DrMundo,Kalista,Ivern,-12509
Volibear,Lillia,Graves,Kalista,Senna,Chogath,Shen,Azir,Ezreal,Janna,9974
Teemo,FiddleSticks,Ekko,Zeri,Seraphine,Camille,MasterYi,Brand,Jhin,Blitzcrank,-12528
Vayne,Warwick,Hwei,Lucian,Pyke,Tryndamere,Nocturne,Sylas,Zeri,Rakan,-562
Urgot,Diana,Katarina,Jhin,Zyra,Tryndamere,Kayn,Galio,Kalista,Senna,-10713
Volibear,MasterYi,Galio,Ashe,Seraphine,Mordekaiser,Warwick,Diana,Nilah,Nasus,-13912
Singed,LeeSin,Galio,Ashe,Seraphine,Shen,Ivern,Brand,Lucian,Thresh,-5894
Sett,Hecarim,Veigar,Kalista,Seraphine,Renekton,Graves,Brand,Karthus,Thresh,643
Aatrox,Lillia,Malzahar,Draven,Swain,Kayle,Jax,Seraphine,Nautilus,Senna,14584
Gangplank,LeeSin,Brand,Kalista,Maokai,Irelia,Amumu,AurelionSol,Zeri,Nasus,-4725
Sylas,Volibear,Evelynn,Vex,Ezreal,Poppy,Warwick,Kalista,Ekko,Elise,10185
Shen,Khazix,Yone,MissFortune,Leona,Shaco,Elise,Ekko,Nautilus,Senna,-15170
Seraphine,Teemo,Sejuani,Tristana,Jinx,Kaisa,Lulu,DrMundo,Jhin,Lux,-4510
Pyke,Shaco,Kalista,Brand,JarvanIV,Ezreal,AurelionSol,Thresh,Zac,XinZhao,-7902
Nautilus,Illaoi,Ashe,Vex,LeeSin,KSante,DrMundo,Teemo,Caitlyn,Lux,9522
Teemo,Kayn,Kaisa,Samira,Soraka,Renekton,Khazix,Veigar,Zeri,Maokai,3704
TahmKench,Shaco,Ahri,Caitlyn,Rammus,Aatrox,Karthus,Lux,Zeri,Nami,382
Kayle,Evelynn,Kassadin,Jinx,Nautilus,Jax,Viego,Sylas,Kalista,Thresh,-6281
Yorick,Vi,TwistedFate,Swain,Neeko,Nasus,Nunu,Yasuo,Smolder,Zyra,-9074
Viego,Teemo,Kassadin,Jinx,Ahri,Gwen,Warwick,Kayle,Zeri,Maokai,3182
Sett,Shaco,Tristana,Smolder,Milio,Trundle,KogMaw,Yasuo,Rammus,Brand,-7333
Skarner,Ashe,Vex,Viego,Thresh,DrMundo,Shaco,Xerath,Kalista,Pyke,-15014
MonkeyKing,Poppy,Syndra,Ashe,Ziggs,Garen,Viego,Veigar,Smolder,Lux,6067
Shaco,Taliyah,Zed,Draven,Pantheon,LeeSin,Zeri,Fizz,Kalista,Lissandra,12492
Kayle,Evelynn,Tristana,Nautilus,Kaisa,Gwen,Graves,TwistedFate,Kalista,Shaco,-10011
Nasus,Jax,Malzahar,KogMaw,Nami,Gwen,Nidalee,Malphite,Kalista,Kennen,3152
Volibear,Vayne,Morgana,Lissandra,MonkeyKing,Kalista,Gwen,Viktor,Kennen,Viego,-12232
Gwen,Ekko,Yone,Kalista,Kennen,Zac,Graves,Taliyah,Lucian,Nami,-6011
Garen,Sejuani,Azir,Lucian,Nami,Mordekaiser,Gragas,Jayce,Kalista,Leona,-14932
Caitlyn,LeeSin,TwistedFate,Kaisa,Lux,Varus,Kayn,Veigar,Kalista,Tristana,2982
Gragas,Shen,Fizz,Chogath,Darius,Gnar,Brand,Katarina,Kalista,Seraphine,5604
Kayle,Ekko,Yone,Kalista,Pyke,Garen,Volibear,Ahri,Jinx,Ashe,-3207
Olaf,Graves,Brand,Samira,Nautilus,Sion,Diana,Akshan,Zeri,Nami,-13175
Quinn,Shyvana,Fizz,Jhin,Gragas,Sion,Ekko,Lux,Kalista,Nautilus,13376
Renekton,Belveth,Leblanc,Kalista,Renata,Urgot,Kayn,Brand,TahmKench,Senna,-12479
Tryndamere,Sejuani,Jayce,MissFortune,Karma,Teemo,Vi,Taliyah,Twitch,Sona,-11384
Chogath,Brand,Taliyah,Ashe,Thresh,AurelionSol,Diana,Yasuo,Ezreal,Rell,-8880
Gwen,Belveth,TwistedFate,Smolder,Nami,Kayle,LeeSin,Yone,Ezreal,Blitzcrank,4041
Gnar,Viego,Yone,Ashe,Leona,Mordekaiser,LeeSin,Lux,Kalista,Neeko,7717
Lux,XinZhao,Ekko,Kalista,Nautilus,Hwei,Sejuani,Ahri,Caitlyn,Nami,-3319
Volibear,Belveth,TwistedFate,Caitlyn,Zoe,Darius,Nidalee,Lux,Kalista,Braum,-8582
Akshan,Brand,Ahri,Jinx,Leona,Kayle,Mordekaiser,Veigar,Draven,Nautilus,5043
Garen,Teemo,Ahri,Lucian,Nami,Yasuo,Brand,Neeko,Jhin,Swain,7232
Volibear,Evelynn,Veigar,Brand,Ashe,Urgot,Viego,Heimerdinger,Caitlyn,Lux,-872
Rumble,Warwick,Lux,Samira,Janna,Gangplank,Kayn,Syndra,Lucian,Nami,-9800
Fiora,LeeSin,Fizz,MissFortune,Lux,Akshan,Diana,AurelionSol,Varus,Neeko,14343
Talon,Nidalee,Yasuo,Draven,Pyke,Jax,Shaco,Yasuo,Varus,Morgana,3054
Gragas,LeeSin,Talon,Lucian,Nami,Aatrox,Lillia,Hwei,Twitch,Neeko,-8900
Illaoi,Nidalee,Diana,Yasuo,Rakan,DrMundo,Nunu,Renekton,MissFortune,Lux,-9565
Gangplank,MonkeyKing,Ezreal,Vayne,Lulu,Darius,LeeSin,Yasuo,Aphelios,Brand,-7469
Urgot,JarvanIV,Katarina,Twitch,Bard,Gangplank,LeeSin,Xerath,Ashe,Milio,7558
Urgot,Shen,Malzahar,Tristana,Yuumi,Darius,LeeSin,Azir,Aphelios,Thresh,-10438
Camille,Fizz,Malzahar,Ashe,Nautilus,Gnar,JarvanIV,Naafiri,Varus,Velkoz,-10974
Irelia,Warwick,Sylas,Tristana,Blitzcrank,Jax,Khazix,Naafiri,MissFortune,Morgana,10061
Olaf,Twitch,Veigar,Samira,Hwei,Gragas,XinZhao,Orianna,Caitlyn,Lux,-6678
Renekton,Ekko,Lissandra,Ashe,Lux,Urgot,Nocturne,Galio,Twitch,Vex,2084
Briar,Blitzcrank,Diana,Jayce,Kalista,Senna,Ekko,Caitlyn,Kayn,TwistedFate,8305
Aatrox,Vi,Diana,Lucian,Nami,Renekton,Briar,Heimerdinger,Ashe,Janna,-10925
Yone,Evelynn,Xerath,TwistedFate,Shaco,TahmKench,Olaf,Akali,Smolder,Senna,2826
Teemo,Evelynn,Naafiri,Kaisa,Janna,Sion,Khazix,Hwei,Jinx,Alistar,16
Darius,Evelynn,Ahri,Aphelios,Teemo,Urgot,Volibear,Ezreal,MissFortune,Maokai,-12337
Gragas,Gragas,Gragas,Gragas,Gragas,Zed,Zed,Zed,Zed,Zed,13725
Teemo,Graves,Talon,Smolder,Yuumi,Chogath,Nocturne,Talon,Ezreal,Hwei,5507
Teemo,Nunu,Jayce,Smolder,Ahri,Yone,Mordekaiser,Shen,Kaisa,Lux,9918
Fiora,Garen,Irelia,Smolder,Azir,Fiora,Udyr,Brand,Yasuo,Velkoz,3646
Gangplank,Hecarim,Akali,Volibear,Zilean,Teemo,MasterYi,Yone,Smolder,Ezreal,5039
Sett,Vi,Taliyah,Caitlyn,Kennen,Malphite,Warwick,Azir,Xayah,Karma,-3149
Jayce,Taliyah,Kassadin,Lucian,Brand,Nasus,Vi,Katarina,Aphelios,Hwei,-5131
Gragas,Warwick,Tryndamere,Zeri,Shaco,Gragas,JarvanIV,Lux,Jinx,Senna,4325
Gangplank,FiddleSticks,Ahri,Draven,Morgana,DrMundo,Sejuani,Sion,Smolder,Renata,-3195
Sion,Volibear,Yone,MissFortune,Maokai,Olaf,LeeSin,Yasuo,Draven,Neeko,-4831
Yasuo,Evelynn,Malzahar,Caitlyn,Quinn,Illaoi,Vi,Gangplank,Aphelios,Sona,-15252
Mordekaiser,MasterYi,Zed,Smolder,Lux,Teemo,Graves,AurelionSol,Aphelios,Morgana,11462
Smolder,Khazix,Sylas,Tristana,TwistedFate,Aatrox,Warwick,Vex,Aphelios,Pyke,-859
TwistedFate,RekSai,Lucian,Draven,Morgana,Nasus,Hecarim,Yasuo,Tristana,Nami,-5706
Yorick,Maokai,AurelionSol,Ashe,Nautilus,Garen,Volibear,Katarina,Draven,Nautilus,8425
Pantheon,Poppy,Lux,Aphelios,Janna,Chogath,LeeSin,Ahri,Smolder,Ashe,-3311
Darius,MasterYi,Qiyana,Cassiopeia,Sona,Poppy,LeeSin,Diana,TwistedFate,Senna,6094
Vayne,Kayn,Malphite,Jhin,Lux,TwistedFate,LeeSin,Galio,Kaisa,Nautilus,9346
Urgot,Briar,Hwei,Kaisa,Blitzcrank,Trundle,Briar,Hwei,Draven,Senna,5535
Varus,Jax,KogMaw,Karma,Leblanc,Soraka,TwistedFate,Sylas,Taliyah,Nautilus,-4243
Riven,Rammus,Zoe,Ezreal,Brand,Graves,Akali,Zed,Seraphine,Bard,-5364
Pantheon,Rell,Ahri,Kaisa,Sona,Smolder,Ivern,Lissandra,Ezreal,Maokai,11829
Gwen,Viego,Diana,Senna,Lux,Volibear,Shen,Pyke,MissFortune,Leona,4142
Aatrox,Vi,Irelia,Caitlyn,Lux,Smolder,Ekko,Yasuo,Jhin,Lulu,4621
Sett,Shaco,Malzahar,MissFortune,Sona,Vayne,Kayn,AurelionSol,Smolder,Lux,9172
Taliyah,Zyra,Bard,Karma,Ekko,Nocturne,Singed,Lux,Garen,Nasus,4776
Ryze,Sett,JarvanIV,Jinx,Yone,Velkoz,Kaisa,Quinn,Vayne,Zoe,4764
Renekton,RekSai,Lucian,MissFortune,Qiyana,Yasuo,LeeSin,Akshan,Aphelios,Briar,-6334
Udyr,LeeSin,Kayle,Hwei,RekSai,Pantheon,Nidalee,Ahri,Jhin,Thresh,3174
Jayce,XinZhao,Diana,Jhin,Ekko,Darius,Nidalee,Orianna,Lucian,Karma,-10618
Jayce,Diana,Lulu,Caitlyn,Nocturne,Smolder,RekSai,Irelia,Jinx,Zyra,4687
TahmKench,Jax,Morgana,Caitlyn,Soraka,Jayce,Kindred,Diana,Jinx,Lulu,-5065
Shen,Viego,Sylas,Lux,Senna,Jax,Warwick,Hwei,Jinx,Leona,-9693
Nasus,Volibear,Brand,Kaisa,Morgana,Mordekaiser,Kindred,Ahri,Caitlyn,Zilean,7351
Sett,Volibear,Nunu,Kaisa,Shen,Nasus,Velkoz,Ahri,Caitlyn,Lux,-8042
Malphite,Viego,Hwei,Caitlyn,Pyke,Shen,Brand,Sylas,Xayah,Sona,-7827
Gwen,Shaco,Soraka,Tristana,Nautilus,Kayle,Nidalee,Karthus,Jhin,Pyke,-4466
Yasuo,Lulu,LeeSin,Soraka,TwistedFate,Akali,Ezreal,Aphelios,Viego,FiddleSticks,-5042
Aatrox,Brand,Sylas,KogMaw,Nami,Garen,Briar,Tristana,Jinx,Lux,10359
Kayle,Warwick,Sylas,Lucian,Nami,Trundle,Amumu,Diana,Varus,Leona,9001
Riven,Karthus,Ryze,Corki,Senna,Akali,Sylas,Rengar,Ashe,Sona,-9665
Skarner,Nidalee,Kaisa,Lucian,Leona,Riven,Brand,Sylas,Samira,Rakan,7659
Aatrox,Evelynn,Akshan,Caitlyn,Seraphine,Garen,Diana,Sylas,Lucian,Leona,-17030
Chogath,LeeSin,Akshan,Jhin,Zyra,Sett,Zac,Sylas,Sivir,Janna,4096
XinZhao,Karthus,Sylas,Kalista,Taric,Riven,Briar,Yasuo,Varus,Ashe,9448
Darius,Warwick,Ahri,Jinx,Alistar,Camille,LeeSin,Irelia,Lucian,Lux,9130
Jayce,Diana,Sylas,Jhin,Xerath,Syndra,Viego,Zed,Aphelios,Blitzcrank,-7607
Chogath,Gwen,Ahri,Ashe,Senna,Katarina,MonkeyKing,Vladimir,MissFortune,Thresh,-1252
Fiora,Skarner,Zed,Jinx,MissFortune,Malphite,Diana,Qiyana,Ashe,Morgana,-9732
Darius,Morgana,Diana,Ashe,Thresh,Irelia,Amumu,Akali,Ezreal,Bard,8504
Jayce,MasterYi,Naafiri,Lux,Veigar,Camille,Lillia,Vi,Caitlyn,Senna,-5359
Garen,Viego,Akali,Zeri,Sona,Brand,Evelynn,Zed,Jinx,Shen,10618
Olaf,Kindred,Hwei,Kaisa,Pyke,Jayce,Khazix,Taliyah,Caitlyn,Lux,12805
Galio,Volibear,Akali,Vayne,Pyke,Riven,Graves,Lux,MissFortune,Morgana,-7807
Darius,Khazix,Morgana,Tristana,Seraphine,Fiora,Viego,Leblanc,MissFortune,Zilean,6913
Ornn,Vi,Sylas,Jinx,Brand,Aatrox,Briar,Fizz,Lucian,Pyke,8612
Yorick,Nocturne,Yasuo,Jinx,Lux,Garen,Viego,Annie,Ezreal,Skarner,12462
DrMundo,Viego,Fizz,Yasuo,Yone,Tryndamere,Graves,Diana,MissFortune,Seraphine,9838
Sylas,Nocturne,Jayce,Xayah,Sona,Trundle,Diana,Ziggs,Jhin,Zyra,5614
Pantheon,Diana,Malzahar,Samira,Morgana,Gwen,Khazix,Yone,Jinx,Taric,-121
Renekton,Warwick,Kassadin,Lucian,Lulu,Akali,Graves,Sylas,Ashe,Poppy,10813
Darius,Belveth,Naafiri,Smolder,Veigar,TahmKench,Zac,Sylas,Caitlyn,Morgana,-11233
Chogath,Zac,Zyra,Senna,Rell,Sett,MasterYi,Sylas,Jinx,Malphite,167
Swain,LeeSin,Sylas,Ezreal,Pantheon,Irelia,Hecarim,AurelionSol,Tristana,Braum,9297
Illaoi,Vi,Veigar,Ashe,Maokai,Teemo,Volibear,Sylas,Caitlyn,Yuumi,-6399
Yorick,Brand,Jayce,Caitlyn,Lux,Garen,Sion,Lissandra,Jinx,Leona,11074
Gwen,JarvanIV,Yasuo,Caitlyn,Thresh,Akali,Belveth,Talon,Twitch,Amumu,-11876
Trundle,Volibear,Lux,Caitlyn,Seraphine,Renekton,Viego,Sylas,Ashe,Janna,-7489
